months_as_customer,age,policy_number,policy_bind_date,policy_state,policy_csl,policy_deductable,policy_annual_premium,umbrella_limit,insured_zip,insured_sex,insured_education_level,insured_occupation,insured_hobbies,insured_relationship,capital-gains,capital-loss,incident_date,incident_type,collision_type,incident_severity,authorities_contacted,incident_state,incident_city,incident_location,incident_hour_of_the_day,number_of_vehicles_involved,property_damage,bodily_injuries,witnesses,police_report_available,total_claim_amount,injury_claim,property_claim,vehicle_claim,auto_make,auto_model,auto_year,fraud_reported
460,62,183430,6/25/2002,IN,250/500,1000,1187.96,4000000,618845,MALE,JD,other-service,bungie-jumping,own-child,0,0,1/1/15,Multi-vehicle Collision,Rear Collision,Minor Damage,Police,NY,Columbus,5380 Pine St,20,3,NO,1,0,?,47160,0,5240,41920,Suburu,Impreza,2011,N
116,34,616337,8/30/2012,IN,250/500,500,1737.66,0,470577,MALE,Associate,transport-moving,chess,unmarried,0,-24100,1/1/15,Single Vehicle Collision,Side Collision,Major Damage,Police,WV,Northbrook,5719 2nd Lane,1,1,?,1,1,?,97080,16180,16180,64720,BMW,X5,2001,Y
192,35,582011,3/10/97,IL,100/300,1000,1245.89,0,435481,FEMALE,Masters,exec-managerial,movies,wife,0,-40300,1/1/15,Single Vehicle Collision,Rear Collision,Total Loss,Other,WV,Springfield,6011 Britain St,19,1,NO,0,0,?,76600,15320,7660,53620,Mercedes,C300,2000,N
295,49,872814,6/13/1992,IL,100/300,500,1141.62,0,451672,MALE,College,prof-specialty,kayaking,husband,34300,-24300,1/1/15,Vehicle Theft,?,Minor Damage,None,WV,Columbus,8085 Andromedia St,4,1,YES,1,3,YES,4320,480,480,3360,Mercedes,E400,2002,N
200,40,932502,5/11/10,IL,100/300,1000,1439.34,0,444822,FEMALE,High School,sales,exercise,other-relative,45300,-20400,1/1/15,Vehicle Theft,?,Minor Damage,Police,VA,Riverwood,2577 Washington Drive,9,1,?,0,0,NO,3690,410,410,2870,Ford,Escape,2015,N
95,28,208298,11/3/90,OH,250/500,1000,773.99,0,458727,MALE,Associate,armed-forces,board-games,other-relative,0,-70300,1/1/15,Vehicle Theft,?,Trivial Damage,None,PA,Springfield,6359 MLK Ridge,3,1,YES,1,2,NO,3200,640,320,2240,Mercedes,E400,2014,N
253,41,261315,4/10/13,OH,100/300,2000,1312.75,0,471453,FEMALE,PhD,sales,dancing,other-relative,81300,0,1/1/15,Multi-vehicle Collision,Rear Collision,Major Damage,Other,SC,Springfield,4671 5th Ridge,10,3,NO,2,2,YES,80740,7340,14680,58720,Toyota,Camry,2014,Y
406,58,756981,10/2/03,OH,250/500,2000,1117.04,0,605121,MALE,MD,exec-managerial,video-games,own-child,0,-42700,1/1/15,Multi-vehicle Collision,Front Collision,Total Loss,Other,WV,Northbend,7571 Elm Ridge,15,3,?,1,2,?,65520,10920,5460,49140,Volkswagen,Jetta,2009,N
61,29,180720,3/14/1995,IN,250/500,1000,1115.27,0,613816,MALE,JD,handlers-cleaners,polo,unmarried,0,-66000,1/1/15,Parked Car,?,Trivial Damage,None,VA,Hillsdale,4629 Elm Ridge,10,1,YES,2,1,YES,5900,590,590,4720,Nissan,Pathfinder,2010,N
123,28,137675,12/3/12,IL,100/300,2000,1836.02,0,470559,MALE,Masters,transport-moving,movies,own-child,38000,-41200,1/1/15,Single Vehicle Collision,Side Collision,Major Damage,Ambulance,NC,Riverwood,4335 1st St,5,1,?,2,1,YES,79800,13300,6650,59850,Volkswagen,Passat,2011,Y
389,53,714738,3/21/1998,IL,500/1000,2000,791.47,0,477260,MALE,Masters,armed-forces,chess,unmarried,0,0,1/1/15,Vehicle Theft,?,Minor Damage,Police,NC,Riverwood,1617 Rock Drive,6,1,NO,1,2,NO,6300,630,1260,4410,Mercedes,C300,2001,Y
1,29,357949,5/24/2006,OH,500/1000,500,854.58,0,612826,FEMALE,JD,craft-repair,paintball,other-relative,52200,0,1/1/15,Single Vehicle Collision,Side Collision,Minor Damage,Police,SC,Northbrook,7178 Best Drive,15,1,?,2,3,YES,86790,7890,23670,55230,Honda,CRV,2003,N
236,39,830878,11/3/96,IN,250/500,1000,1151.39,4000000,604555,FEMALE,Masters,exec-managerial,reading,wife,0,-63900,1/1/15,Parked Car,?,Minor Damage,Police,NY,Springfield,2832 Andromedia Lane,17,1,YES,0,0,?,8700,870,1740,6090,Accura,RSX,2003,N
128,35,469966,7/22/2004,IN,500/1000,500,1366.6,0,620493,FEMALE,MD,machine-op-inspct,kayaking,other-relative,0,0,1/1/15,Multi-vehicle Collision,Front Collision,Minor Damage,Fire,NY,Columbus,8667 Weaver Lane,10,3,?,2,1,NO,88220,16040,16040,56140,Chevrolet,Malibu,2008,N
209,39,362407,12/6/96,IN,100/300,500,1264.99,0,614169,MALE,PhD,transport-moving,polo,husband,67800,0,1/1/15,Single Vehicle Collision,Side Collision,Minor Damage,Fire,VA,Northbrook,3340 3rd Hwy,22,1,?,1,1,NO,37800,8400,4200,25200,Chevrolet,Silverado,1995,N
45,37,798579,12/19/2011,IN,250/500,1000,1114.23,0,432534,MALE,College,prof-specialty,dancing,wife,0,0,1/1/15,Single Vehicle Collision,Side Collision,Major Damage,Fire,SC,Arlington,5459 MLK Ave,1,1,YES,0,1,YES,52200,10440,5220,36540,Nissan,Pathfinder,2005,N
286,41,634499,8/26/2000,IL,250/500,1000,999.43,0,477947,MALE,College,prof-specialty,paintball,wife,25800,0,1/1/15,Vehicle Theft,?,Trivial Damage,Police,WV,Northbend,2878 Britain Hwy,3,1,YES,2,0,?,4100,820,410,2870,Chevrolet,Malibu,2009,N
126,28,596914,1/5/92,IN,250/500,500,1508.9,0,472814,FEMALE,JD,machine-op-inspct,skydiving,other-relative,0,0,1/1/15,Multi-vehicle Collision,Rear Collision,Total Loss,Police,WV,Northbend,5333 MLK Lane,3,4,NO,0,1,?,67800,11300,11300,45200,Ford,F150,2011,N
230,43,490514,2/9/07,IN,500/1000,2000,1101.83,0,451529,MALE,High School,exec-managerial,cross-fit,other-relative,28900,0,1/1/15,Multi-vehicle Collision,Front Collision,Minor Damage,Police,NY,Arlington,7511 1st Ave,0,3,?,0,3,YES,51900,5190,10380,36330,BMW,M5,2011,Y
325,46,935277,7/9/13,IL,500/1000,500,1348.83,0,474360,FEMALE,High School,prof-specialty,basketball,wife,46300,-77500,2/1/15,Multi-vehicle Collision,Rear Collision,Minor Damage,Fire,NC,Springfield,9358 Texas Ridge,21,3,?,1,2,YES,76120,13840,6920,55360,Toyota,Camry,1999,N
106,31,165485,2/12/98,IL,500/1000,2000,1320.75,0,441491,FEMALE,JD,farming-fishing,video-games,wife,54100,0,2/1/15,Multi-vehicle Collision,Rear Collision,Total Loss,Police,WV,Springfield,6315 2nd Lane,20,3,?,0,3,YES,45630,5070,5070,35490,Accura,MDX,2011,N
214,41,795686,10/24/2004,IL,500/1000,500,1398.51,4000000,472214,MALE,Masters,tech-support,polo,not-in-family,0,-57100,2/1/15,Multi-vehicle Collision,Side Collision,Major Damage,Fire,NC,Northbend,4672 MLK St,13,3,?,2,0,NO,64000,12800,6400,44800,BMW,X6,1996,Y
177,38,600845,1/5/12,IL,100/300,2000,1540.19,0,463842,FEMALE,College,adm-clerical,skydiving,other-relative,0,-74500,2/1/15,Single Vehicle Collision,Front Collision,Major Damage,Other,VA,Columbus,5506 Best St,20,1,YES,2,0,NO,73700,7370,7370,58960,Chevrolet,Silverado,2001,Y
269,44,187775,12/21/2002,OH,100/300,500,1297.75,4000000,451280,FEMALE,JD,other-service,chess,own-child,0,-41400,2/1/15,Multi-vehicle Collision,Rear Collision,Total Loss,Ambulance,SC,Columbus,1830 Sky St,15,3,?,0,1,?,98670,15180,15180,68310,Chevrolet,Tahoe,2010,Y
40,39,448642,3/28/2001,IN,500/1000,1000,1248.25,4000000,605692,FEMALE,College,sales,hiking,own-child,0,-33300,2/1/15,Parked Car,?,Minor Damage,Police,VA,Northbrook,3376 5th Drive,8,1,NO,0,2,?,8760,1460,1460,5840,BMW,3 Series,2013,N
231,43,655787,6/17/2006,IL,250/500,2000,972.47,0,441981,MALE,College,protective-serv,reading,wife,0,-58100,2/1/15,Multi-vehicle Collision,Front Collision,Minor Damage,Police,PA,Hillsdale,6522 Apache Drive,15,3,YES,2,2,YES,77100,7710,15420,53970,Audi,A3,2010,N
257,40,414913,7/17/2012,IN,250/500,500,1379.93,0,608228,MALE,MD,armed-forces,base-jumping,husband,0,0,2/1/15,Multi-vehicle Collision,Side Collision,Major Damage,Other,NY,Columbus,3966 Francis Ridge,6,3,?,0,2,YES,51810,9420,4710,37680,Audi,A3,2002,Y
121,31,623032,3/11/07,IL,500/1000,1000,1061.98,6000000,440837,FEMALE,JD,armed-forces,camping,unmarried,0,0,2/1/15,Single Vehicle Collision,Rear Collision,Minor Damage,Police,WV,Hillsdale,3809 Texas Lane,16,1,NO,0,1,YES,65250,7250,7250,50750,BMW,3 Series,2002,N
10,19,216738,8/5/14,IN,250/500,1000,1185.78,0,478837,FEMALE,JD,craft-repair,yachting,wife,0,-60700,2/1/15,Single Vehicle Collision,Side Collision,Minor Damage,Police,NC,Northbend,9929 Rock Drive,5,1,?,0,2,?,48950,4450,8900,35600,Accura,TL,2011,Y
277,44,936543,6/26/2001,IN,500/1000,500,1412.31,0,620737,MALE,High School,priv-house-serv,board-games,unmarried,0,0,2/1/15,Vehicle Theft,?,Trivial Damage,Police,NC,Riverwood,5602 Britain St,6,1,NO,1,3,NO,5000,1000,500,3500,Jeep,Wrangler,2005,N
27,32,327856,8/27/2014,OH,100/300,500,1008.38,0,472803,FEMALE,PhD,adm-clerical,yachting,other-relative,37900,0,2/1/15,Single Vehicle Collision,Front Collision,Total Loss,Ambulance,SC,Arlington,4239 Weaver Ave,11,1,NO,1,0,?,61500,12300,6150,43050,Dodge,Neon,2013,N
337,53,498842,5/4/00,OH,100/300,500,1205.86,0,444583,MALE,Associate,armed-forces,basketball,wife,0,-34600,2/1/15,Single Vehicle Collision,Rear Collision,Minor Damage,Fire,SC,Arlington,3227 Maple Ave,8,1,YES,0,1,NO,86400,14400,7200,64800,Accura,RSX,2001,N
2,20,480094,3/9/03,IN,500/1000,1000,1189.98,4000000,613327,FEMALE,High School,craft-repair,golf,other-relative,0,-54700,2/1/15,Single Vehicle Collision,Side Collision,Minor Damage,Other,WV,Columbus,1953 Sky Lane,22,1,NO,1,3,YES,48360,4030,8060,36270,Audi,A5,2000,N
140,32,713172,10/23/1996,IL,250/500,1000,985.97,5000000,457793,FEMALE,College,protective-serv,cross-fit,other-relative,0,0,2/1/15,Single Vehicle Collision,Side Collision,Major Damage,Fire,VA,Northbrook,7112 Weaver Ave,13,1,?,2,3,?,82170,14940,7470,59760,Chevrolet,Silverado,1995,Y
133,30,920554,9/21/2005,IN,500/1000,1000,1231.01,0,459562,MALE,College,adm-clerical,board-games,husband,0,-31700,2/1/15,Multi-vehicle Collision,Front Collision,Minor Damage,Fire,SC,Riverwood,1824 5th Lane,19,3,NO,1,2,?,28440,3160,3160,22120,Dodge,Neon,2007,N
34,24,482404,6/18/2011,IN,500/1000,2000,1550.53,0,435632,FEMALE,MD,armed-forces,dancing,own-child,0,-27700,2/1/15,Parked Car,?,Trivial Damage,None,VA,Hillsdale,4390 4th Drive,20,1,YES,0,1,?,3960,660,660,2640,Audi,A3,1998,N
215,38,833321,3/1/10,IN,250/500,500,1405.71,0,465376,FEMALE,PhD,craft-repair,camping,unmarried,0,0,2/1/15,Single Vehicle Collision,Rear Collision,Total Loss,Police,SC,Arlington,9878 Washington Ave,10,1,?,0,1,NO,70700,7070,14140,49490,Volkswagen,Passat,2008,N
192,40,175177,4/15/2004,IL,100/300,1000,1405.99,0,472895,FEMALE,Associate,sales,yachting,wife,0,0,3/1/15,Multi-vehicle Collision,Side Collision,Minor Damage,Ambulance,VA,Springfield,4755 Best Lane,18,3,YES,1,0,YES,42930,9540,4770,28620,BMW,X6,2005,N
118,28,283414,12/28/1991,IN,500/1000,2000,1207.36,0,432896,FEMALE,High School,handlers-cleaners,camping,own-child,0,-57000,3/1/15,Multi-vehicle Collision,Front Collision,Major Damage,Ambulance,WV,Columbus,7428 Sky Hwy,22,2,NO,1,0,?,74200,7420,14840,51940,Volkswagen,Passat,1997,N
168,32,981123,5/4/00,IN,100/300,1000,1059.52,0,452748,MALE,MD,protective-serv,camping,own-child,0,-40600,3/1/15,Multi-vehicle Collision,Side Collision,Major Damage,Other,VA,Hillsdale,5622 Best Ridge,13,2,?,1,1,?,57720,14430,9620,33670,Saab,93,2007,N
290,45,583169,2/1/98,IL,100/300,500,1085.03,0,476303,FEMALE,JD,sales,cross-fit,wife,0,-61000,3/1/15,Multi-vehicle Collision,Side Collision,Total Loss,Police,VA,Arlington,4347 2nd Ridge,23,3,YES,2,2,NO,64800,12960,6480,45360,Audi,A3,2014,Y
330,47,912665,5/28/2014,IL,100/300,2000,1133.27,0,432218,FEMALE,High School,craft-repair,chess,wife,0,-56400,3/1/15,Multi-vehicle Collision,Side Collision,Total Loss,Other,NY,Northbrook,6678 Weaver Drive,20,2,?,0,2,YES,60500,11000,5500,44000,Ford,F150,1999,Y
186,38,536052,4/21/2006,OH,250/500,2000,1218.56,0,477373,FEMALE,Masters,transport-moving,video-games,husband,39300,-60300,3/1/15,Multi-vehicle Collision,Front Collision,Total Loss,Police,VA,Arlington,4642 Rock Ridge,23,3,YES,2,2,?,68760,11460,5730,51570,Saab,95,1998,Y
405,55,250162,7/5/99,IL,250/500,500,878.19,0,441533,MALE,PhD,machine-op-inspct,golf,unmarried,57100,0,3/1/15,Multi-vehicle Collision,Rear Collision,Minor Damage,Fire,NC,Northbend,7236 Apache Lane,2,4,YES,0,2,NO,38640,4830,4830,28980,Chevrolet,Tahoe,1997,N
78,31,715202,4/2/91,OH,250/500,1000,1377.23,0,440757,FEMALE,Masters,armed-forces,kayaking,unmarried,72600,0,3/1/15,Multi-vehicle Collision,Side Collision,Minor Damage,Other,NY,Hillsdale,9240 Britain Ave,1,3,?,2,1,?,52290,5810,11620,34860,Nissan,Maxima,1997,N
234,43,965187,3/26/1990,OH,250/500,500,1257.04,0,448294,MALE,Associate,protective-serv,reading,own-child,0,-48800,3/1/15,Single Vehicle Collision,Rear Collision,Major Damage,Police,SC,Northbrook,7197 2nd Drive,4,1,NO,2,2,YES,51600,10320,5160,36120,Dodge,Neon,2011,N
312,47,646069,6/8/02,OH,500/1000,1000,1212.07,0,459298,FEMALE,MD,exec-managerial,polo,wife,66900,-51800,3/1/15,Multi-vehicle Collision,Side Collision,Total Loss,Fire,NY,Northbend,5318 5th Ave,17,3,NO,2,3,NO,56320,7040,7040,42240,Mercedes,ML350,2000,N
115,31,569714,12/4/05,OH,500/1000,1000,1051.67,0,479824,FEMALE,Associate,exec-managerial,bungie-jumping,not-in-family,0,0,3/1/15,Multi-vehicle Collision,Side Collision,Major Damage,Ambulance,WV,Riverwood,1472 4th Drive,18,3,YES,0,3,NO,34160,0,4270,29890,Audi,A5,2005,Y
140,36,117862,7/14/2000,OH,500/1000,2000,979.26,0,436364,FEMALE,JD,transport-moving,cross-fit,own-child,0,-67000,3/1/15,Multi-vehicle Collision,Front Collision,Major Damage,Fire,NY,Riverwood,7495 Washington Ave,2,4,YES,0,2,YES,72800,14560,14560,43680,Honda,Accord,1998,N
256,39,104594,10/12/06,OH,250/500,1000,1351.1,0,478456,FEMALE,PhD,tech-support,bungie-jumping,unmarried,0,0,1/2/15,Multi-vehicle Collision,Rear Collision,Major Damage,Fire,SC,Arlington,8973 Washington St,19,3,NO,0,2,NO,64100,6410,6410,51280,Saab,95,2003,Y
19,32,882920,1/1/06,OH,500/1000,1000,1215.85,0,454985,MALE,High School,other-service,hiking,husband,42900,-90200,1/2/15,Vehicle Theft,?,Minor Damage,Police,VA,Hillsdale,6165 Rock Ridge,8,1,YES,1,1,YES,7040,1280,640,5120,Nissan,Maxima,2015,N
101,27,326322,2/10/07,IL,250/500,1000,433.33,0,603269,MALE,Masters,machine-op-inspct,golf,other-relative,25900,0,1/2/15,Parked Car,?,Minor Damage,None,SC,Hillsdale,6067 Weaver Ridge,7,1,?,0,3,NO,5900,1180,590,4130,Mercedes,E400,2009,N
266,44,576723,12/7/99,IL,250/500,500,1611.83,0,460176,MALE,High School,handlers-cleaners,movies,husband,0,0,1/2/15,Single Vehicle Collision,Front Collision,Total Loss,Police,WV,Riverwood,6309 Cherokee Ave,4,1,?,1,2,YES,32800,3280,3280,26240,BMW,3 Series,2012,N
157,32,347984,10/21/2009,OH,100/300,2000,617.11,0,436711,MALE,College,other-service,reading,other-relative,0,-54100,1/2/15,Multi-vehicle Collision,Front Collision,Major Damage,Other,VA,Columbus,6658 Weaver St,14,3,?,1,2,NO,50800,10160,5080,35560,Mercedes,E400,2013,Y
210,39,620020,6/21/1997,OH,500/1000,1000,984.45,0,474998,MALE,Associate,armed-forces,paintball,unmarried,0,0,1/2/15,Vehicle Theft,?,Minor Damage,None,NC,Riverwood,4615 Embaracadero Ave,4,1,YES,1,2,?,7800,780,780,6240,Dodge,RAM,1997,N
150,31,651948,9/28/1994,IN,500/1000,1000,1354.5,0,456602,MALE,Masters,machine-op-inspct,base-jumping,husband,52800,0,1/2/15,Multi-vehicle Collision,Front Collision,Major Damage,Ambulance,NY,Arlington,6838 Flute Lane,6,3,?,0,3,YES,64800,6480,12960,45360,Suburu,Forrestor,2000,Y
259,43,871305,2/14/1992,IL,500/1000,2000,1537.13,0,471614,FEMALE,PhD,handlers-cleaners,kayaking,own-child,0,-58300,1/2/15,Multi-vehicle Collision,Side Collision,Total Loss,Other,NY,Northbend,4538 Flute Hwy,3,3,NO,0,2,YES,57060,6340,6340,44380,Ford,Fusion,2012,N
218,43,737483,2/14/1996,IL,250/500,500,1521.55,0,477856,FEMALE,Associate,priv-house-serv,polo,other-relative,61100,-64500,1/2/15,Single Vehicle Collision,Rear Collision,Major Damage,Fire,SC,Hillsdale,3847 Elm Hwy,18,1,?,1,3,YES,68200,13640,6820,47740,Dodge,RAM,2003,Y
126,31,889003,8/18/1996,OH,250/500,1000,1328.26,0,613921,MALE,Masters,sales,exercise,not-in-family,42300,-45800,1/2/15,Single Vehicle Collision,Front Collision,Total Loss,Police,WV,Hillsdale,3447 Solo Ave,17,1,NO,1,1,NO,60840,13520,6760,40560,Suburu,Forrestor,2011,N
128,35,437960,4/3/01,IN,250/500,1000,1074.99,0,453620,FEMALE,Associate,adm-clerical,bungie-jumping,husband,0,-48800,1/2/15,Vehicle Theft,?,Trivial Damage,Police,VA,Columbus,3492 Britain St,16,1,?,2,0,?,7590,1380,690,5520,Accura,MDX,2012,N
478,64,346002,8/20/1990,OH,250/500,500,835.02,0,602433,FEMALE,Associate,adm-clerical,reading,unmarried,59600,0,2/2/15,Multi-vehicle Collision,Side Collision,Minor Damage,Fire,WV,Hillsdale,8538 Texas Lane,17,3,NO,1,1,NO,33930,0,3770,30160,BMW,X6,1998,N
275,41,498875,10/26/1996,OH,100/300,2000,1514.72,0,617970,MALE,High School,transport-moving,board-games,own-child,35700,0,2/2/15,Multi-vehicle Collision,Front Collision,Major Damage,Fire,NY,Northbrook,7477 MLK Drive,13,3,YES,0,1,?,58300,5830,11660,40810,Suburu,Legacy,2007,N
61,23,127754,6/6/93,IL,250/500,2000,1136.83,4000000,471300,FEMALE,Associate,tech-support,exercise,own-child,0,-62400,2/2/15,Single Vehicle Collision,Side Collision,Major Damage,Police,NY,Columbus,1331 Britain Hwy,14,1,NO,0,3,?,98340,8940,17880,71520,Honda,Accord,2004,Y
298,47,163161,11/11/98,IL,500/1000,2000,1338.5,0,618929,FEMALE,PhD,machine-op-inspct,basketball,other-relative,28800,0,2/2/15,Single Vehicle Collision,Front Collision,Major Damage,Fire,NY,Northbrook,2306 5th Lane,1,1,?,0,0,?,70590,10860,10860,48870,Saab,93,2000,Y
398,58,515050,11/16/2000,OH,100/300,500,990.98,0,469429,FEMALE,Associate,exec-managerial,cross-fit,wife,0,-57900,2/2/15,Single Vehicle Collision,Front Collision,Major Damage,Police,NC,Northbrook,1536 Flute Drive,18,1,YES,2,1,?,99320,7640,15280,76400,Accura,TL,2002,Y
30,31,247116,6/2/12,IL,250/500,2000,1153.35,0,430714,MALE,PhD,craft-repair,golf,not-in-family,0,0,2/2/15,Vehicle Theft,?,Trivial Damage,Police,NY,Hillsdale,3590 Best Hwy,9,1,NO,2,1,YES,5760,960,960,3840,Suburu,Impreza,2011,N
190,40,390381,1/27/2007,OH,500/1000,2000,965.21,0,610354,FEMALE,JD,exec-managerial,camping,other-relative,36900,-53700,2/2/15,Parked Car,?,Trivial Damage,None,SC,Hillsdale,8404 Embaracadero St,10,1,?,2,1,YES,6300,630,630,5040,Nissan,Ultima,2001,N
244,40,594739,6/16/2006,IL,100/300,500,1342.8,0,439502,FEMALE,MD,sales,base-jumping,husband,0,0,2/2/15,Vehicle Theft,?,Trivial Damage,Police,NY,Springfield,6259 Weaver St,2,1,YES,1,3,YES,5940,660,660,4620,Toyota,Camry,2014,N
122,29,283925,11/21/1991,OH,250/500,1000,1629.94,0,620104,FEMALE,Masters,priv-house-serv,skydiving,other-relative,0,-47100,2/2/15,Parked Car,?,Trivial Damage,None,SC,Riverwood,7828 Cherokee Ave,17,1,?,0,1,NO,3850,350,350,3150,Dodge,Neon,2014,N
66,26,445973,11/13/1998,IL,250/500,1000,988.29,0,476502,MALE,College,armed-forces,skydiving,own-child,0,0,2/2/15,Single Vehicle Collision,Rear Collision,Major Damage,Police,NY,Northbend,8203 Lincoln Ave,8,1,?,2,2,YES,57860,0,10520,47340,Suburu,Impreza,2008,Y
115,30,903785,8/24/2000,OH,500/1000,500,1757.21,0,477695,MALE,High School,prof-specialty,base-jumping,wife,46400,0,2/2/15,Multi-vehicle Collision,Front Collision,Minor Damage,Fire,NY,Northbend,1589 Pine St,12,3,NO,1,0,YES,49140,5460,5460,38220,Ford,F150,2007,N
344,51,689901,4/28/1992,IN,100/300,2000,1398.46,0,455672,MALE,Associate,sales,skydiving,other-relative,0,0,2/2/15,Single Vehicle Collision,Side Collision,Minor Damage,Ambulance,NC,Northbend,1910 Sky Ave,14,1,?,0,2,NO,82830,7530,15060,60240,Audi,A5,2004,N
33,32,263159,3/7/08,OH,100/300,500,1402.78,5000000,469383,FEMALE,PhD,other-service,base-jumping,husband,70300,-50300,2/2/15,Single Vehicle Collision,Rear Collision,Minor Damage,Ambulance,NY,Northbrook,8879 1st Drive,2,1,YES,0,1,?,56070,6230,12460,37380,Toyota,Camry,2012,N
184,38,215534,9/12/94,IL,250/500,1000,1437.53,0,437889,FEMALE,College,transport-moving,chess,not-in-family,0,0,2/2/15,Multi-vehicle Collision,Side Collision,Minor Damage,Ambulance,PA,Northbrook,5201 Texas Hwy,6,3,?,0,2,NO,53730,11940,5970,35820,Dodge,RAM,2013,Y
253,43,582480,8/7/91,IL,500/1000,500,1187.01,7000000,613436,FEMALE,Associate,tech-support,exercise,unmarried,46300,-33000,2/2/15,Vehicle Theft,?,Trivial Damage,Police,NY,Northbrook,2986 MLK Drive,9,1,NO,0,1,?,3840,640,640,2560,Chevrolet,Tahoe,2014,N
313,50,116645,6/30/2004,OH,100/300,2000,1255.62,0,603882,MALE,MD,armed-forces,polo,unmarried,0,0,2/2/15,Multi-vehicle Collision,Side Collision,Major Damage,Other,OH,Northbrook,6206 3rd Ridge,18,3,YES,2,1,YES,69000,13800,6900,48300,Ford,F150,1995,Y
415,52,794731,2/22/2015,IN,250/500,1000,973.5,0,468634,MALE,PhD,machine-op-inspct,polo,not-in-family,50400,0,2/2/15,Multi-vehicle Collision,Rear Collision,Total Loss,Police,WV,Arlington,9918 Andromedia Drive,15,2,YES,1,3,YES,51090,7860,7860,35370,Toyota,Highlander,2003,N
3,29,276804,11/27/1992,IL,100/300,500,995.7,5000000,615446,FEMALE,JD,priv-house-serv,chess,unmarried,0,0,2/2/15,Parked Car,?,Trivial Damage,Police,PA,Springfield,1821 Andromedia Ridge,3,1,?,2,1,?,5000,500,1000,3500,Mercedes,E400,2008,Y
344,51,437442,6/27/2008,IL,100/300,1000,959.83,0,435809,FEMALE,Masters,sales,paintball,not-in-family,0,-38700,2/2/15,Multi-vehicle Collision,Side Collision,Major Damage,Fire,NY,Northbend,6179 3rd Ridge,18,3,?,2,2,YES,75400,17400,11600,46400,BMW,X6,2006,Y
278,47,794951,4/21/2008,IN,500/1000,500,1285.01,0,459630,MALE,Masters,machine-op-inspct,sleeping,not-in-family,0,-39800,2/2/15,Single Vehicle Collision,Rear Collision,Major Damage,Ambulance,VA,Hillsdale,5071 1st Lane,21,1,NO,2,2,YES,58500,5850,5850,46800,Toyota,Camry,2010,N
190,35,284836,11/5/08,IN,250/500,500,1484.72,5000000,432699,FEMALE,High School,tech-support,golf,husband,0,0,2/2/15,Parked Car,?,Trivial Damage,None,NY,Riverwood,5743 4th Ridge,4,1,NO,0,1,NO,3840,640,320,2880,Saab,92x,1998,N
440,57,648852,3/15/2007,IL,100/300,1000,995.55,5000000,604948,MALE,College,protective-serv,paintball,wife,51500,-52100,2/2/15,Multi-vehicle Collision,Rear Collision,Major Damage,Police,SC,Arlington,6668 Andromedia Ridge,19,3,YES,0,3,?,68200,12400,12400,43400,Jeep,Wrangler,2007,Y
169,37,185124,12/7/01,IL,100/300,1000,936.19,0,454776,MALE,JD,armed-forces,movies,other-relative,70600,-48500,2/2/15,Multi-vehicle Collision,Side Collision,Total Loss,Police,SC,Northbrook,7155 Apache Drive,4,3,?,2,1,YES,57900,17370,5790,34740,Audi,A5,2005,N
85,27,753452,7/23/1996,IL,500/1000,2000,1174.14,0,602416,MALE,College,priv-house-serv,dancing,unmarried,50400,-61500,2/2/15,Multi-vehicle Collision,Rear Collision,Minor Damage,Fire,NY,Northbend,1951 Best Ave,14,4,YES,0,0,NO,59070,10740,5370,42960,Toyota,Camry,2012,N
46,24,718829,2/21/1999,OH,250/500,2000,1568.47,4000000,454480,FEMALE,High School,armed-forces,yachting,unmarried,46800,0,2/2/15,Single Vehicle Collision,Side Collision,Major Damage,Fire,NY,Northbrook,2123 MLK Ridge,7,1,NO,2,0,?,56600,11320,5660,39620,Toyota,Camry,1999,N
186,38,250833,7/28/2008,IN,250/500,2000,1347.31,0,436467,FEMALE,JD,protective-serv,dancing,unmarried,80900,-111100,2/2/15,Multi-vehicle Collision,Rear Collision,Minor Damage,Ambulance,NY,Springfield,1371 Texas Lane,1,3,NO,2,3,?,73800,12300,12300,49200,Audi,A3,1995,N
130,30,957816,8/26/2012,IL,500/1000,2000,1193.4,0,461372,MALE,PhD,exec-managerial,bungie-jumping,own-child,0,-40800,2/2/15,Multi-vehicle Collision,Side Collision,Total Loss,Other,SC,Columbus,5586 2nd St,16,3,NO,2,3,?,48950,8900,4450,35600,Suburu,Legacy,2005,N
9,30,258265,4/10/94,IL,100/300,1000,1073.83,0,438877,FEMALE,High School,machine-op-inspct,dancing,not-in-family,0,0,2/2/15,Single Vehicle Collision,Rear Collision,Total Loss,Police,NY,Northbrook,5806 Embaracadero St,12,1,?,0,0,NO,85690,15580,15580,54530,BMW,3 Series,2011,N
79,26,206213,5/8/95,IL,100/300,500,1451.62,0,456446,MALE,Associate,tech-support,kayaking,not-in-family,0,-55700,1/3/15,Single Vehicle Collision,Rear Collision,Minor Damage,Ambulance,WV,Columbus,4862 Lincoln Hwy,19,1,NO,2,2,?,40000,8000,4000,28000,BMW,M5,2010,N
430,59,691189,1/10/04,OH,250/500,2000,1326.62,7000000,477310,MALE,MD,other-service,bungie-jumping,own-child,0,0,1/3/15,Multi-vehicle Collision,Front Collision,Minor Damage,Fire,NY,Riverwood,5104 Francis Drive,19,3,?,0,3,YES,81800,16360,8180,57260,Nissan,Pathfinder,1998,N
244,40,645258,7/4/97,OH,500/1000,2000,1267.81,5000000,603123,FEMALE,Masters,exec-managerial,video-games,wife,0,0,1/3/15,Vehicle Theft,?,Trivial Damage,None,NC,Northbrook,7098 Lincoln Hwy,10,1,?,2,1,?,6600,660,1320,4620,Accura,TL,2005,N
210,35,131478,12/25/1991,IL,500/1000,1000,1346.27,0,468508,MALE,Masters,farming-fishing,cross-fit,not-in-family,44900,-91400,1/3/15,Single Vehicle Collision,Front Collision,Total Loss,Ambulance,WV,Arlington,6492 4th Lane,11,1,NO,0,2,?,58200,5820,5820,46560,BMW,X5,2013,N
467,58,808153,1/18/2003,IN,500/1000,2000,977.4,0,444500,MALE,Masters,transport-moving,bungie-jumping,own-child,82200,0,1/3/15,Single Vehicle Collision,Front Collision,Total Loss,Fire,NY,Columbus,9360 3rd Drive,2,1,YES,2,3,NO,55700,5570,11140,38990,Nissan,Maxima,2014,N
334,46,555374,1/5/13,IL,100/300,1000,876.88,6000000,454434,MALE,MD,sales,reading,other-relative,0,0,1/3/15,Single Vehicle Collision,Rear Collision,Minor Damage,Police,WV,Hillsdale,8489 Pine Hwy,2,1,NO,2,1,NO,57330,12740,6370,38220,Jeep,Grand Cherokee,1998,N
354,48,534982,4/8/03,IL,500/1000,2000,1526.11,5000000,469650,FEMALE,Masters,sales,exercise,unmarried,0,0,1/3/15,Single Vehicle Collision,Front Collision,Minor Damage,Police,SC,Columbus,8081 Flute Ridge,12,1,?,2,3,YES,90240,15040,15040,60160,Chevrolet,Malibu,1995,N
246,44,996850,3/8/95,OH,100/300,1000,1397,0,614521,MALE,High School,machine-op-inspct,reading,not-in-family,0,0,1/3/15,Single Vehicle Collision,Rear Collision,Minor Damage,Other,NY,Arlington,7705 Lincoln Drive,6,1,NO,1,0,NO,61740,6860,6860,48020,Accura,MDX,1997,N
206,42,779156,10/10/93,IL,500/1000,1000,1230.76,0,470488,MALE,High School,machine-op-inspct,yachting,unmarried,0,-74200,1/3/15,Single Vehicle Collision,Rear Collision,Major Damage,Fire,VA,Hillsdale,7628 4th Lane,2,1,?,1,1,NO,78980,7180,14360,57440,Saab,92x,1997,Y
239,39,730819,8/18/1990,IN,250/500,2000,625.08,0,437156,FEMALE,JD,protective-serv,hiking,wife,44200,-37000,1/3/15,Single Vehicle Collision,Front Collision,Major Damage,Fire,SC,Riverwood,2757 4th Hwy,10,1,NO,2,3,YES,87890,15980,7990,63920,BMW,X6,2014,Y
270,41,639027,6/21/1994,IL,250/500,1000,817.28,0,460263,MALE,High School,sales,cross-fit,unmarried,62200,0,1/3/15,Multi-vehicle Collision,Rear Collision,Total Loss,Ambulance,SC,Columbus,4095 MLK St,17,3,?,1,1,NO,60190,4630,9260,46300,Mercedes,ML350,2014,Y
161,38,192524,1/2/04,IL,100/300,2000,1133.85,0,439870,MALE,PhD,priv-house-serv,exercise,not-in-family,60200,0,1/3/15,Multi-vehicle Collision,Front Collision,Total Loss,Police,WV,Springfield,2272 Embaracadero Drive,0,3,YES,2,2,YES,60480,5040,15120,40320,Volkswagen,Jetta,2003,N
250,42,254837,11/25/2004,IN,100/300,500,1055.6,0,457962,MALE,High School,exec-managerial,paintball,husband,69500,-40700,1/3/15,Single Vehicle Collision,Rear Collision,Major Damage,Other,SC,Columbus,8493 Apache Drive,16,1,?,1,1,?,74800,13600,6800,54400,Ford,Fusion,2009,Y
386,53,630683,10/23/2007,OH,250/500,500,1078.65,0,615730,MALE,JD,craft-repair,camping,not-in-family,36800,0,1/3/15,Single Vehicle Collision,Front Collision,Minor Damage,Police,WV,Northbend,1364 Best St,16,1,?,2,3,YES,66660,12120,6060,48480,Honda,Civic,2006,N
259,45,608443,12/21/2006,IL,500/1000,2000,1175.07,0,457121,MALE,MD,craft-repair,movies,not-in-family,30100,0,1/3/15,Single Vehicle Collision,Side Collision,Minor Damage,Fire,WV,Springfield,6724 Andromedia St,23,1,?,1,1,NO,87780,7980,7980,71820,Honda,CRV,2011,N
308,47,720356,9/16/2013,OH,100/300,1000,1013.61,6000000,452349,FEMALE,Associate,craft-repair,movies,own-child,45700,-41400,1/3/15,Parked Car,?,Minor Damage,None,NY,Springfield,4369 Maple Lane,7,1,?,1,1,YES,5590,860,860,3870,Suburu,Impreza,2002,N
80,26,488597,5/8/01,IL,100/300,1000,1343,0,443625,MALE,Masters,handlers-cleaners,camping,other-relative,64600,0,1/3/15,Single Vehicle Collision,Front Collision,Minor Damage,Other,SC,Arlington,5455 Oak Hwy,12,1,?,0,0,NO,90400,9040,9040,72320,BMW,3 Series,1995,N
372,50,769475,8/26/2004,OH,500/1000,2000,1368.57,0,474860,FEMALE,MD,tech-support,paintball,other-relative,0,0,1/3/15,Multi-vehicle Collision,Side Collision,Major Damage,Police,NY,Northbend,8811 Maple Hwy,18,3,NO,2,2,YES,51800,5180,10360,36260,Accura,MDX,2003,N
211,35,717392,8/20/1996,IL,100/300,500,1040.75,0,445601,FEMALE,JD,prof-specialty,paintball,not-in-family,0,0,2/3/15,Single Vehicle Collision,Rear Collision,Total Loss,Ambulance,WV,Northbend,2275 Best Lane,1,1,YES,1,1,?,42000,7000,7000,28000,BMW,X5,2011,N
63,24,427484,1/8/94,OH,250/500,2000,1620.89,0,469621,FEMALE,High School,handlers-cleaners,movies,other-relative,0,0,2/3/15,Vehicle Theft,?,Minor Damage,Police,NC,Hillsdale,8621 Best Ridge,7,1,NO,2,0,NO,6120,1020,1020,4080,Toyota,Corolla,2015,N
259,43,132871,7/5/09,IL,100/300,500,947.75,0,458470,FEMALE,Masters,farming-fishing,base-jumping,not-in-family,0,-39300,2/3/15,Vehicle Theft,?,Trivial Damage,Police,SC,Riverwood,2873 Flute Ave,15,1,NO,1,3,NO,7680,1280,640,5760,Audi,A5,2008,N
78,31,414519,1/25/1999,IN,250/500,1000,1554.64,4000000,457535,MALE,PhD,protective-serv,board-games,own-child,0,-27900,2/3/15,Single Vehicle Collision,Front Collision,Major Damage,Other,WV,Springfield,1507 Solo Ave,21,1,NO,1,0,NO,55660,5060,10120,40480,Honda,CRV,2009,Y
15,34,399524,10/30/1997,IL,100/300,1000,1829.63,0,452204,MALE,JD,tech-support,cross-fit,not-in-family,56700,0,2/3/15,Multi-vehicle Collision,Side Collision,Total Loss,Other,SC,Arlington,1358 Maple St,21,3,YES,1,0,?,67650,12300,6150,49200,Audi,A5,2009,N
270,44,701521,7/5/03,IL,500/1000,2000,1030.95,0,435985,FEMALE,Associate,machine-op-inspct,paintball,other-relative,47200,0,2/3/15,Multi-vehicle Collision,Rear Collision,Major Damage,Ambulance,NC,Northbend,2865 Maple Lane,20,3,?,1,0,NO,35900,7180,3590,25130,Audi,A3,2007,Y
65,26,360770,9/21/2005,IN,100/300,500,1285.03,3000000,457942,FEMALE,High School,craft-repair,camping,unmarried,0,-41500,2/3/15,Single Vehicle Collision,Rear Collision,Minor Damage,Fire,VA,Riverwood,8940 Elm Ave,0,1,NO,1,3,?,52200,5220,10440,36540,Honda,CRV,2011,N
154,36,979285,12/17/2003,IL,250/500,2000,1313.51,7000000,600904,FEMALE,Masters,exec-managerial,dancing,own-child,68500,0,2/3/15,Vehicle Theft,?,Trivial Damage,None,SC,Northbrook,8864 Tree Ridge,9,1,?,2,0,?,2800,280,280,2240,Volkswagen,Passat,2015,N
131,29,811042,7/4/13,IN,250/500,1000,978.27,0,479821,FEMALE,Associate,sales,paintball,own-child,65700,0,2/3/15,Single Vehicle Collision,Front Collision,Major Damage,Fire,SC,Hillsdale,2725 Britain Ridge,5,1,?,1,3,NO,76400,15280,7640,53480,Suburu,Forrestor,2003,N
463,57,407958,7/20/1991,IL,250/500,500,1063.67,0,463356,MALE,Masters,priv-house-serv,dancing,wife,0,0,2/3/15,Single Vehicle Collision,Front Collision,Minor Damage,Police,NY,Springfield,2509 Rock Drive,14,1,NO,2,0,YES,59400,6600,6600,46200,Dodge,Neon,1995,N
78,27,309323,2/29/1992,OH,500/1000,500,1060.88,0,613931,MALE,JD,other-service,skydiving,other-relative,0,-66500,2/3/15,Parked Car,?,Trivial Damage,Police,SC,Northbend,8876 1st St,4,1,NO,0,3,NO,6050,550,1100,4400,Volkswagen,Passat,2009,N
267,46,362843,8/9/04,OH,250/500,2000,1111.17,0,469438,MALE,MD,craft-repair,base-jumping,unmarried,35000,0,2/3/15,Parked Car,?,Trivial Damage,None,WV,Arlington,4905 Best Lane,3,1,YES,2,3,YES,4950,900,450,3600,Toyota,Camry,1995,N
146,31,149839,9/21/1990,OH,100/300,1000,1457.65,5000000,606219,FEMALE,College,armed-forces,camping,own-child,0,0,2/3/15,Multi-vehicle Collision,Rear Collision,Major Damage,Ambulance,VA,Riverwood,1110 4th Drive,0,3,NO,1,3,?,52380,5820,5820,40740,Toyota,Highlander,2010,N
156,37,277767,6/28/2010,OH,100/300,500,1080.13,0,606290,MALE,Associate,protective-serv,reading,other-relative,0,-61000,1/4/15,Multi-vehicle Collision,Rear Collision,Major Damage,Ambulance,PA,Springfield,5778 Pine Ridge,15,3,YES,0,3,NO,41490,4610,4610,32270,Nissan,Pathfinder,2001,N
158,33,278091,12/4/13,OH,100/300,2000,1327.41,0,440930,FEMALE,Associate,handlers-cleaners,skydiving,other-relative,0,-38600,1/4/15,Single Vehicle Collision,Side Collision,Total Loss,Other,SC,Hillsdale,7791 Britain Ridge,0,1,?,0,0,?,35000,3500,7000,24500,Suburu,Legacy,2012,N
254,41,500384,12/18/2013,IL,250/500,2000,1241.04,0,431361,FEMALE,Masters,protective-serv,board-games,own-child,0,0,1/4/15,Single Vehicle Collision,Front Collision,Minor Damage,Police,NY,Riverwood,1220 MLK Ave,16,1,NO,2,2,YES,100210,18220,18220,63770,Audi,A5,2014,N
126,33,357713,10/28/2007,OH,500/1000,1000,1141.71,2000000,435995,FEMALE,JD,priv-house-serv,sleeping,own-child,36700,-73400,1/4/15,Single Vehicle Collision,Front Collision,Major Damage,Ambulance,WV,Northbrook,7782 Rock St,21,1,YES,1,2,?,54160,6770,6770,40620,Suburu,Legacy,2009,N
300,49,795847,12/17/1995,IL,100/300,1000,1441.21,0,609322,FEMALE,PhD,farming-fishing,kayaking,wife,0,0,1/4/15,Vehicle Theft,?,Trivial Damage,None,SC,Columbus,1992 Britain Drive,3,1,NO,1,0,NO,7080,1180,1180,4720,Nissan,Maxima,2001,N
255,45,113516,10/13/1990,IL,500/1000,500,1192.27,0,600184,MALE,High School,sales,base-jumping,own-child,0,-40200,1/4/15,Single Vehicle Collision,Front Collision,Total Loss,Other,NC,Riverwood,3311 2nd Drive,16,1,NO,2,0,YES,67320,12240,12240,42840,Ford,Fusion,2006,N
286,41,507545,12/7/98,IL,250/500,1000,1298.85,6000000,435967,FEMALE,High School,sales,camping,other-relative,71300,-70300,1/4/15,Multi-vehicle Collision,Front Collision,Major Damage,Ambulance,NY,Columbus,6859 Flute Ridge,16,3,?,1,3,YES,54450,6050,12100,36300,Saab,92x,2007,N
145,37,794534,12/14/1991,OH,250/500,2000,1434.27,0,457234,FEMALE,Associate,tech-support,sleeping,unmarried,0,-35900,1/4/15,Single Vehicle Collision,Rear Collision,Major Damage,Other,VA,Arlington,2950 MLK Ave,13,1,?,2,3,?,55110,5010,10020,40080,Nissan,Maxima,2002,N
366,50,801331,7/8/90,IN,500/1000,1000,1561.41,0,462767,FEMALE,High School,handlers-cleaners,basketball,husband,21200,0,1/4/15,Multi-vehicle Collision,Rear Collision,Minor Damage,Police,NY,Arlington,1879 4th Lane,5,3,YES,1,3,NO,70290,12780,12780,44730,Mercedes,C300,2012,N
70,29,963285,12/9/06,IN,100/300,1000,1425.79,0,604147,FEMALE,MD,armed-forces,video-games,other-relative,62400,-52300,1/4/15,Single Vehicle Collision,Front Collision,Minor Damage,Ambulance,NC,Riverwood,1275 4th Ridge,12,1,NO,0,3,?,69360,11560,11560,46240,Dodge,RAM,2009,N
136,33,804608,4/12/02,OH,250/500,1000,855.14,0,458582,FEMALE,PhD,craft-repair,paintball,not-in-family,37900,0,1/4/15,Single Vehicle Collision,Side Collision,Minor Damage,Fire,NC,Northbrook,6741 Oak Ridge,23,1,YES,0,1,YES,30700,3070,6140,21490,Toyota,Corolla,2015,N
310,48,670142,8/6/99,IN,100/300,500,1516.34,0,474167,FEMALE,JD,adm-clerical,sleeping,unmarried,11000,0,1/4/15,Multi-vehicle Collision,Rear Collision,Major Damage,Police,SC,Springfield,2823 Weaver Lane,11,4,YES,0,2,NO,59400,13200,6600,39600,Saab,93,1996,Y
330,50,365364,12/28/2002,IL,500/1000,1000,978.46,0,431121,FEMALE,High School,sales,yachting,husband,0,0,2/4/15,Single Vehicle Collision,Side Collision,Total Loss,Fire,NY,Hillsdale,6634 Texas Ridge,19,1,YES,0,0,NO,49060,8920,8920,31220,Chevrolet,Silverado,1995,N
27,28,735822,8/28/1995,IN,100/300,2000,1371.78,0,451560,MALE,JD,farming-fishing,polo,other-relative,0,-32500,2/4/15,Multi-vehicle Collision,Front Collision,Major Damage,Other,PA,Riverwood,2539 Embaracadero Ridge,10,3,?,0,2,YES,53600,5360,10720,37520,Audi,A5,2015,Y
142,30,951543,7/9/02,IN,250/500,2000,1616.58,0,447979,MALE,JD,adm-clerical,polo,husband,58500,-46800,2/4/15,Multi-vehicle Collision,Rear Collision,Major Damage,Other,SC,Hillsdale,1128 Maple Lane,13,3,YES,0,3,YES,63600,6360,12720,44520,Dodge,RAM,2010,N
101,26,865839,8/2/91,IL,500/1000,1000,1371.88,0,462420,FEMALE,MD,prof-specialty,reading,husband,0,0,2/4/15,Parked Car,?,Trivial Damage,None,VA,Arlington,8096 Apache Hwy,4,1,?,2,2,?,3190,580,580,2030,Suburu,Legacy,1995,N
451,61,533941,6/18/1998,IN,250/500,2000,1618.65,2000000,475407,FEMALE,Associate,transport-moving,polo,unmarried,0,-42600,2/4/15,Multi-vehicle Collision,Rear Collision,Major Damage,Ambulance,OH,Columbus,2651 MLK Lane,3,3,YES,2,1,YES,78100,15620,7810,54670,Chevrolet,Tahoe,1997,Y
419,53,457244,1/28/1998,IL,500/1000,2000,736.07,6000000,445339,MALE,College,transport-moving,chess,unmarried,45700,0,2/4/15,Multi-vehicle Collision,Side Collision,Minor Damage,Police,SC,Northbend,6738 Francis Hwy,17,4,?,0,0,YES,62280,5190,10380,46710,Suburu,Forrestor,2012,N
448,57,431283,3/31/2005,IL,100/300,2000,1376.16,0,466555,FEMALE,PhD,tech-support,hiking,own-child,38600,-50300,2/4/15,Multi-vehicle Collision,Front Collision,Major Damage,Police,SC,Arlington,5997 Embaracadero Drive,10,3,NO,2,1,?,47760,5970,5970,35820,Suburu,Impreza,2013,Y
69,24,807369,6/19/1992,IN,500/1000,500,1418.5,0,614948,FEMALE,High School,armed-forces,yachting,other-relative,0,0,2/4/15,Multi-vehicle Collision,Rear Collision,Minor Damage,Police,NY,Springfield,6443 Washington Ridge,23,3,?,0,0,NO,63300,12660,6330,44310,Dodge,RAM,2012,N
202,38,320251,1/24/2009,IL,100/300,2000,1132.74,0,616120,FEMALE,Associate,armed-forces,exercise,husband,0,-37500,2/4/15,Single Vehicle Collision,Side Collision,Major Damage,Other,WV,Hillsdale,7061 Cherokee Drive,12,1,YES,1,1,NO,77440,7040,14080,56320,Nissan,Ultima,2005,N
12,24,491484,11/18/1994,IL,500/1000,1000,1143.95,0,464353,FEMALE,PhD,tech-support,paintball,other-relative,51400,0,2/4/15,Multi-vehicle Collision,Rear Collision,Minor Damage,Police,NY,Riverwood,6329 Apache Ave,13,3,NO,2,1,?,53370,5930,5930,41510,Nissan,Ultima,2011,N
294,49,756870,1/26/1996,IN,500/1000,500,1135.43,0,442604,MALE,Masters,farming-fishing,bungie-jumping,own-child,22700,0,2/4/15,Multi-vehicle Collision,Side Collision,Total Loss,Police,WV,Columbus,9633 MLK Lane,23,3,YES,1,1,YES,42900,3900,3900,35100,Chevrolet,Malibu,2010,N
272,41,337158,4/8/91,OH,250/500,2000,945.73,5000000,435663,MALE,MD,protective-serv,chess,wife,38600,-42800,2/4/15,Single Vehicle Collision,Front Collision,Minor Damage,Fire,NY,Arlington,4981 Flute Hwy,23,1,NO,0,0,NO,84100,16820,8410,58870,Ford,Escape,2009,Y
102,32,783494,9/2/14,OH,100/300,500,1537.07,3000000,457733,MALE,JD,tech-support,chess,wife,0,0,2/4/15,Single Vehicle Collision,Side Collision,Total Loss,Other,OH,Northbend,6515 Oak Lane,11,1,NO,1,0,NO,47400,9480,4740,33180,Chevrolet,Silverado,2004,Y
199,38,206004,9/26/1991,IL,250/500,1000,1281.25,0,467780,FEMALE,High School,tech-support,movies,other-relative,0,-53100,2/4/15,Single Vehicle Collision,Front Collision,Major Damage,Police,WV,Columbus,8941 Solo Ridge,6,1,?,0,2,NO,44440,8080,4040,32320,BMW,X6,2007,Y
137,35,153027,3/11/10,IN,250/500,500,1667.83,0,460586,MALE,JD,prof-specialty,paintball,husband,48500,-67400,2/4/15,Parked Car,?,Minor Damage,Police,WV,Northbrook,4447 Francis Hwy,4,1,YES,1,1,NO,6600,1200,1200,4200,Jeep,Grand Cherokee,2005,N
149,34,374545,8/28/2005,IN,250/500,500,664.86,0,608963,FEMALE,PhD,craft-repair,skydiving,wife,0,-60000,2/4/15,Single Vehicle Collision,Rear Collision,Total Loss,Fire,WV,Columbus,5226 Maple St,3,1,?,0,1,NO,105040,16160,16160,72720,Dodge,RAM,1999,N
224,39,684193,6/20/2012,IL,500/1000,1000,1128.71,0,601397,FEMALE,JD,prof-specialty,sleeping,other-relative,0,-47100,2/4/15,Multi-vehicle Collision,Rear Collision,Total Loss,Fire,VA,Riverwood,8822 Sky St,21,3,YES,2,1,?,61800,12360,6180,43260,Suburu,Impreza,2007,N
242,44,664732,7/30/2003,IL,500/1000,2000,1396.89,6000000,618127,FEMALE,College,priv-house-serv,chess,other-relative,0,-61600,2/4/15,Multi-vehicle Collision,Front Collision,Minor Damage,Other,SC,Springfield,1469 Lincoln Drive,15,3,NO,1,2,YES,66900,6690,13380,46830,Suburu,Forrestor,1999,Y
280,48,180008,7/16/2014,IL,250/500,1000,1387.35,0,477415,MALE,JD,transport-moving,paintball,not-in-family,0,-72000,2/4/15,Single Vehicle Collision,Front Collision,Minor Damage,Fire,WV,Hillsdale,5839 Weaver Lane,16,1,NO,2,2,?,61320,10220,10220,40880,BMW,M5,1998,N
285,44,844117,8/21/1991,OH,250/500,2000,1144.3,0,609458,MALE,MD,priv-house-serv,base-jumping,not-in-family,52600,0,2/4/15,Vehicle Theft,?,Minor Damage,Police,WV,Northbrook,2311 4th St,3,1,YES,1,0,?,5500,500,500,4500,Honda,Civic,2010,N
214,40,118236,8/15/2000,OH,100/300,1000,1648,0,608405,MALE,JD,transport-moving,base-jumping,not-in-family,57700,-43500,2/4/15,Single Vehicle Collision,Rear Collision,Total Loss,Other,WV,Northbrook,6638 Tree Drive,17,1,NO,1,0,YES,44220,8040,4020,32160,Accura,MDX,2000,N
136,32,686522,12/27/2000,IN,100/300,500,1169.62,0,458143,FEMALE,JD,sales,yachting,not-in-family,0,0,2/4/15,Single Vehicle Collision,Side Collision,Major Damage,Police,SC,Arlington,7937 Weaver Ridge,6,1,YES,0,0,NO,55000,10000,10000,35000,Toyota,Camry,2008,Y
266,42,281388,7/16/1998,IL,500/1000,1000,763.67,0,473389,MALE,Associate,prof-specialty,movies,own-child,12800,-49700,2/4/15,Single Vehicle Collision,Side Collision,Total Loss,Police,SC,Northbrook,1654 Pine St,12,1,YES,1,3,YES,70830,7870,7870,55090,Jeep,Grand Cherokee,2005,N
137,35,645723,5/5/91,OH,500/1000,500,1107.07,0,478868,FEMALE,High School,protective-serv,movies,husband,0,-45300,2/4/15,Vehicle Theft,?,Minor Damage,Police,VA,Hillsdale,7405 Oak St,21,1,NO,0,0,YES,3300,600,600,2100,Saab,92x,2008,N
212,42,636550,7/25/2011,IL,100/300,500,1315.68,0,600983,MALE,PhD,priv-house-serv,camping,wife,0,-39300,1/5/15,Single Vehicle Collision,Rear Collision,Total Loss,Other,NC,Hillsdale,3066 Francis Ave,14,1,NO,2,1,?,42300,4700,4700,32900,Saab,92x,1996,N
22,25,824540,3/13/2008,OH,250/500,2000,1053.24,0,603527,FEMALE,College,prof-specialty,movies,other-relative,51100,0,1/5/15,Multi-vehicle Collision,Front Collision,Total Loss,Other,NC,Arlington,7551 Britain Lane,0,4,YES,1,0,NO,77130,8570,17140,51420,Accura,MDX,1995,N
47,37,962591,3/16/2008,IN,250/500,2000,1241.97,0,430104,MALE,High School,other-service,movies,not-in-family,75400,0,1/5/15,Parked Car,?,Minor Damage,None,NY,Hillsdale,8749 Tree St,18,1,NO,1,0,NO,6700,670,670,5360,Jeep,Wrangler,2011,N
210,37,218684,8/5/06,IN,500/1000,2000,1048.46,0,466676,MALE,High School,priv-house-serv,skydiving,not-in-family,59900,0,1/5/15,Vehicle Theft,?,Trivial Damage,None,OH,Columbus,3878 Tree Lane,9,1,?,1,2,?,7080,1180,590,5310,Dodge,RAM,1999,N
113,29,999435,1/1/08,OH,250/500,2000,1091.73,0,601213,MALE,PhD,exec-managerial,golf,not-in-family,36100,-42300,1/5/15,Multi-vehicle Collision,Rear Collision,Minor Damage,Other,NY,Springfield,6456 Andromedia Drive,15,3,?,0,2,YES,49950,5550,5550,38850,Nissan,Ultima,2004,Y
380,56,971338,11/4/04,OH,100/300,1000,1570.86,0,454685,MALE,MD,farming-fishing,cross-fit,other-relative,66000,0,1/5/15,Single Vehicle Collision,Side Collision,Total Loss,Police,VA,Northbend,3167 4th Ridge,10,1,?,0,1,YES,58160,7270,7270,43620,Saab,95,1996,Y
276,46,283267,7/29/2012,OH,100/300,2000,1090.32,0,435518,MALE,College,handlers-cleaners,chess,husband,0,-70400,1/5/15,Single Vehicle Collision,Front Collision,Minor Damage,Ambulance,SC,Columbus,6706 Francis Drive,17,1,NO,1,2,?,51390,5710,5710,39970,Volkswagen,Jetta,2007,Y
136,29,854021,4/29/2010,OH,100/300,500,1203.24,0,600702,FEMALE,JD,transport-moving,video-games,other-relative,62500,-66900,2/5/15,Vehicle Theft,?,Minor Damage,Police,NY,Columbus,1562 Britain St,9,1,?,2,0,?,6200,1240,620,4340,Honda,Accord,1999,N
294,44,477177,8/15/1990,IL,100/300,1000,1226.49,0,460308,FEMALE,PhD,farming-fishing,kayaking,unmarried,53900,0,2/5/15,Vehicle Theft,?,Trivial Damage,None,WV,Riverwood,5904 1st Drive,3,1,NO,0,1,NO,6100,610,1220,4270,Ford,Fusion,2002,N
285,44,212580,7/5/14,IL,500/1000,1000,1594.45,0,452747,MALE,High School,handlers-cleaners,bungie-jumping,husband,0,0,2/5/15,Multi-vehicle Collision,Side Collision,Total Loss,Fire,NC,Columbus,5812 3rd Hwy,17,2,YES,2,3,NO,55680,6960,6960,41760,Saab,95,2006,N
117,28,336047,4/21/2003,OH,250/500,500,1264.77,0,447300,FEMALE,Associate,transport-moving,yachting,unmarried,47500,-32500,2/5/15,Multi-vehicle Collision,Rear Collision,Total Loss,Fire,SC,Springfield,4058 Tree Drive,13,2,YES,0,1,?,55440,5040,10080,40320,Suburu,Forrestor,2009,Y
176,39,935442,11/20/2010,OH,250/500,500,1365.46,4000000,466634,MALE,College,armed-forces,sleeping,unmarried,0,-56600,2/5/15,Multi-vehicle Collision,Side Collision,Minor Damage,Fire,SC,Columbus,1540 Apache Lane,14,3,NO,2,1,NO,44280,4920,4920,34440,Chevrolet,Silverado,2008,N
8,21,355085,10/9/12,IN,500/1000,500,1021.9,0,464237,MALE,High School,handlers-cleaners,hiking,husband,0,0,2/5/15,Single Vehicle Collision,Front Collision,Major Damage,Other,WV,Columbus,6117 4th Ave,21,1,?,0,0,?,91260,14040,14040,63180,Toyota,Corolla,2012,N
255,44,903203,1/3/04,OH,500/1000,2000,814.96,6000000,435267,FEMALE,PhD,priv-house-serv,chess,not-in-family,68500,0,2/5/15,Parked Car,?,Trivial Damage,Police,NC,Hillsdale,2787 MLK St,7,1,?,2,2,NO,6400,640,1280,4480,Mercedes,ML350,2005,Y
360,51,484321,7/11/96,IL,250/500,1000,1152.12,0,434669,MALE,PhD,armed-forces,hiking,not-in-family,0,-62400,2/5/15,Multi-vehicle Collision,Side Collision,Total Loss,Ambulance,WV,Riverwood,7649 Texas St,15,3,NO,2,0,YES,90480,15080,15080,60320,BMW,X6,2000,N
146,36,792673,4/12/13,OH,500/1000,2000,1233.96,0,606177,FEMALE,Masters,other-service,golf,other-relative,34500,-60600,2/5/15,Multi-vehicle Collision,Side Collision,Total Loss,Police,NC,Hillsdale,3457 Texas Lane,16,3,NO,1,1,NO,55900,5590,5590,44720,Nissan,Ultima,2015,N
110,27,284834,8/3/09,OH,500/1000,1000,1664.66,0,465921,FEMALE,Associate,priv-house-serv,golf,own-child,0,-66200,2/5/15,Single Vehicle Collision,Side Collision,Total Loss,Ambulance,SC,Springfield,8602 Washington Ridge,3,1,?,0,3,?,57500,5750,5750,46000,Audi,A3,2010,N
61,25,757644,1/29/1998,IN,100/300,2000,988.06,0,460579,FEMALE,Masters,other-service,dancing,not-in-family,0,0,2/5/15,Multi-vehicle Collision,Rear Collision,Minor Damage,Ambulance,WV,Northbend,7976 Britain Drive,1,3,YES,1,0,NO,32320,4040,4040,24240,Dodge,RAM,2000,N
396,57,587498,10/15/1996,IL,500/1000,500,1351.72,0,612102,MALE,High School,tech-support,camping,wife,0,-49400,2/5/15,Parked Car,?,Minor Damage,None,NY,Springfield,3995 Lincoln Hwy,3,1,YES,1,3,?,2640,480,480,1680,Volkswagen,Passat,2000,N
274,44,771509,8/10/06,IN,500/1000,500,1395.58,0,466612,FEMALE,JD,tech-support,reading,husband,0,0,2/5/15,Vehicle Theft,?,Minor Damage,Police,WV,Springfield,4279 Solo Drive,7,1,NO,2,1,?,5590,860,860,3870,BMW,X5,2000,N
98,26,727109,2/20/2001,IN,500/1000,2000,1082.1,0,477268,MALE,JD,exec-managerial,kayaking,other-relative,0,-30900,2/5/15,Multi-vehicle Collision,Front Collision,Total Loss,Police,WV,Northbend,2492 Lincoln Lane,13,2,?,0,1,YES,65430,14540,7270,43620,Jeep,Wrangler,2001,N
465,63,531160,1/12/12,IL,250/500,500,1006.99,6000000,458936,FEMALE,Masters,sales,board-games,own-child,0,0,2/5/15,Single Vehicle Collision,Side Collision,Minor Damage,Other,WV,Columbus,8198 Embaracadero Lane,7,1,NO,0,3,?,43560,4840,4840,33880,Suburu,Legacy,2015,N
229,37,556270,2/21/1995,IN,500/1000,1000,1331.94,0,433974,FEMALE,Masters,farming-fishing,base-jumping,not-in-family,0,-55400,2/5/15,Single Vehicle Collision,Rear Collision,Total Loss,Other,NY,Columbus,7504 Flute Drive,17,1,NO,0,2,YES,54560,9920,9920,34720,Saab,95,2004,N
235,42,543610,5/26/2002,OH,100/300,500,1253.12,4000000,462283,FEMALE,Masters,exec-managerial,dancing,other-relative,38400,0,1/6/15,Single Vehicle Collision,Front Collision,Total Loss,Police,NY,Northbend,1558 1st Ridge,22,1,YES,2,2,?,87010,7910,15820,63280,Ford,F150,2002,N
140,31,275265,11/15/2004,IN,500/1000,500,708.64,6000000,470610,MALE,High School,machine-op-inspct,reading,unmarried,53500,0,1/6/15,Single Vehicle Collision,Side Collision,Total Loss,Police,WV,Northbend,4546 Tree St,9,1,NO,0,2,YES,77880,14160,7080,56640,Suburu,Legacy,2015,N
22,26,420810,8/11/07,OH,100/300,1000,1276.57,0,467784,MALE,PhD,craft-repair,skydiving,not-in-family,71500,0,1/6/15,Single Vehicle Collision,Rear Collision,Minor Damage,Fire,NY,Arlington,6723 Best Drive,3,1,YES,1,2,NO,78900,15780,7890,55230,Chevrolet,Silverado,1995,N
151,36,485372,2/26/2005,OH,250/500,2000,870.63,0,431725,FEMALE,MD,adm-clerical,kayaking,own-child,94800,-58500,1/6/15,Multi-vehicle Collision,Side Collision,Minor Damage,Police,VA,Hillsdale,2299 1st St,12,3,NO,1,1,NO,62920,11440,5720,45760,Ford,Escape,2000,N
453,60,149367,3/18/2003,IN,100/300,500,1298.91,6000000,459504,MALE,PhD,craft-repair,dancing,unmarried,52600,-38800,1/6/15,Single Vehicle Collision,Front Collision,Major Damage,Fire,NC,Springfield,7253 MLK St,0,1,YES,0,0,?,70000,14000,7000,49000,Ford,F150,2015,Y
296,46,922167,2/23/1993,OH,100/300,1000,1141.35,7000000,476456,MALE,Masters,craft-repair,sleeping,not-in-family,0,0,1/6/15,Single Vehicle Collision,Front Collision,Major Damage,Ambulance,NY,Northbend,3656 Solo Ave,18,1,?,0,2,NO,54900,5490,5490,43920,Mercedes,C300,2013,N
409,57,538466,7/29/1995,IN,100/300,1000,1191.8,6000000,435299,MALE,High School,protective-serv,exercise,unmarried,55600,0,1/6/15,Single Vehicle Collision,Side Collision,Major Damage,Other,NY,Riverwood,6934 Lincoln Ave,19,1,NO,1,0,?,73320,6110,12220,54990,Ford,Fusion,2012,N
275,40,253005,11/20/1991,OH,250/500,2000,1190.6,0,434206,MALE,Masters,exec-managerial,camping,unmarried,0,-45300,1/6/15,Single Vehicle Collision,Rear Collision,Minor Damage,Fire,OH,Riverwood,4972 Francis Lane,17,1,?,1,3,YES,43230,7860,7860,27510,Chevrolet,Silverado,2001,N
239,39,506333,6/22/1990,IL,100/300,500,1396.83,0,442308,FEMALE,Masters,other-service,reading,husband,0,0,1/6/15,Multi-vehicle Collision,Rear Collision,Major Damage,Ambulance,WV,Northbend,6044 Weaver Drive,0,4,?,0,3,NO,76890,6990,13980,55920,BMW,X6,2007,N
78,24,910622,3/22/1992,IN,100/300,500,1175.51,0,474792,MALE,Masters,craft-repair,yachting,husband,0,0,1/6/15,Vehicle Theft,?,Minor Damage,Police,NY,Columbus,3553 Texas Ave,20,1,?,0,1,YES,7480,680,680,6120,Dodge,Neon,2003,N
411,56,574637,7/30/1992,IL,250/500,1000,1595.28,0,479320,FEMALE,College,protective-serv,exercise,other-relative,0,0,1/6/15,Multi-vehicle Collision,Side Collision,Major Damage,Ambulance,VA,Springfield,8049 4th St,23,3,?,0,0,?,38610,3510,3510,31590,Volkswagen,Passat,2007,N
285,47,729534,9/30/1991,IN,100/300,1000,1216.68,0,610989,FEMALE,Masters,sales,basketball,other-relative,55100,0,1/6/15,Vehicle Theft,?,Trivial Damage,Police,SC,Columbus,3053 Lincoln Drive,8,1,NO,1,1,NO,2700,300,300,2100,Ford,F150,2013,N
138,30,689034,1/9/02,OH,500/1000,500,1093.07,4000000,463291,FEMALE,PhD,other-service,reading,wife,27700,-72400,1/6/15,Single Vehicle Collision,Front Collision,Major Damage,Other,VA,Hillsdale,9633 Rock Hwy,0,1,?,2,2,NO,83160,6930,13860,62370,Volkswagen,Jetta,2011,N
267,46,270208,8/9/04,OH,100/300,2000,1546.01,0,616276,FEMALE,MD,adm-clerical,polo,wife,0,0,1/6/15,Multi-vehicle Collision,Front Collision,Total Loss,Police,VA,Riverwood,9760 4th Hwy,4,4,NO,2,1,?,77100,15420,7710,53970,Volkswagen,Jetta,1996,N
276,45,749325,3/22/2000,IL,500/1000,500,948.1,0,430621,FEMALE,High School,machine-op-inspct,reading,wife,44500,-61400,1/6/15,Multi-vehicle Collision,Front Collision,Minor Damage,Fire,SC,Columbus,9422 Washington Ridge,11,3,?,0,2,?,69300,13860,6930,48510,Ford,Escape,2010,N
127,34,291544,8/2/06,OH,500/1000,500,1319.97,0,604681,FEMALE,Associate,craft-repair,paintball,own-child,73700,0,1/6/15,Vehicle Theft,?,Minor Damage,None,NC,Arlington,4460 4th Lane,8,1,YES,1,3,?,4700,470,940,3290,Saab,92x,1998,N
90,31,524215,6/24/1990,OH,250/500,2000,951.27,0,607131,FEMALE,PhD,other-service,hiking,not-in-family,42100,0,1/6/15,Single Vehicle Collision,Rear Collision,Total Loss,Other,SC,Hillsdale,8845 5th Ave,2,1,YES,1,0,YES,75790,13780,6890,55120,Accura,RSX,2007,N
215,42,519312,10/28/2008,OH,500/1000,500,1848.81,0,435489,MALE,JD,transport-moving,video-games,own-child,0,-49000,2/6/15,Multi-vehicle Collision,Front Collision,Major Damage,Fire,WV,Northbend,2457 Washington Ave,20,3,YES,2,2,YES,68520,11420,5710,51390,Suburu,Legacy,2003,Y
274,43,517240,5/13/2001,OH,100/300,2000,1352.31,0,465263,MALE,College,farming-fishing,basketball,wife,40700,-47300,2/6/15,Single Vehicle Collision,Front Collision,Major Damage,Fire,NY,Northbend,8983 Francis Ridge,22,1,YES,0,3,YES,63840,10640,10640,42560,BMW,X5,2006,Y
428,59,299796,9/29/1999,IN,250/500,500,1344.36,7000000,473329,FEMALE,JD,prof-specialty,hiking,other-relative,0,0,2/6/15,Parked Car,?,Minor Damage,None,WV,Northbend,6375 2nd Lane,8,1,?,2,3,NO,6500,1300,650,4550,Saab,92x,2013,N
245,40,144323,9/14/2001,IN,500/1000,500,885.08,0,459984,FEMALE,Masters,armed-forces,skydiving,other-relative,27000,-58900,2/6/15,Single Vehicle Collision,Front Collision,Total Loss,Other,WV,Northbend,4098 Weaver Ridge,0,1,YES,0,1,NO,85150,13100,13100,58950,Chevrolet,Malibu,1998,N
272,43,509928,7/25/1995,OH,100/300,1000,1279.13,0,615226,MALE,PhD,craft-repair,bungie-jumping,other-relative,0,0,2/6/15,Multi-vehicle Collision,Side Collision,Minor Damage,Ambulance,NC,Springfield,3172 Tree Ridge,5,3,?,1,2,YES,81070,7370,14740,58960,Audi,A3,2006,Y
174,36,629918,10/14/2005,IL,100/300,2000,1278.75,0,461328,FEMALE,College,tech-support,paintball,own-child,53200,-53800,2/6/15,Multi-vehicle Collision,Rear Collision,Total Loss,Ambulance,NY,Riverwood,2117 Lincoln Hwy,21,3,?,2,2,NO,65400,10900,10900,43600,Dodge,RAM,2012,N
32,38,356768,3/11/10,IL,100/300,500,1006.77,6000000,478172,FEMALE,College,other-service,sleeping,own-child,0,0,2/6/15,Multi-vehicle Collision,Side Collision,Minor Damage,Police,SC,Northbend,7434 Oak Hwy,15,3,YES,2,1,YES,70900,14180,7090,49630,BMW,X6,1997,N
59,40,444422,9/28/2011,IL,250/500,2000,782.23,0,449221,MALE,College,protective-serv,golf,other-relative,64200,-32300,2/6/15,Multi-vehicle Collision,Front Collision,Total Loss,Ambulance,OH,Springfield,6605 Tree Ave,0,3,?,0,2,NO,51570,5730,11460,34380,BMW,X5,2010,N
119,27,515698,8/5/97,IN,250/500,2000,1097.64,0,614812,MALE,High School,transport-moving,video-games,other-relative,27100,0,2/6/15,Multi-vehicle Collision,Rear Collision,Major Damage,Other,PA,Northbend,1133 Apache St,16,2,NO,1,0,?,63720,7080,21240,35400,Accura,TL,2006,N
233,37,876714,11/3/91,IL,100/300,2000,1603.42,0,616637,FEMALE,High School,sales,video-games,wife,61600,-30200,2/6/15,Single Vehicle Collision,Front Collision,Total Loss,Fire,NY,Columbus,1346 5th Lane,17,1,YES,0,2,YES,80520,13420,6710,60390,Toyota,Corolla,2005,N
120,30,563878,7/16/2002,IN,250/500,500,956.69,0,438237,FEMALE,Associate,priv-house-serv,movies,husband,39600,-64300,2/6/15,Single Vehicle Collision,Front Collision,Minor Damage,Other,NY,Hillsdale,6770 1st St,20,1,?,1,1,YES,87100,8710,8710,69680,Saab,92x,2000,N
77,27,797934,4/7/99,IN,500/1000,2000,966.26,0,471704,FEMALE,High School,adm-clerical,base-jumping,own-child,56400,-32800,2/6/15,Multi-vehicle Collision,Front Collision,Minor Damage,Ambulance,NY,Springfield,6874 Maple Ridge,1,3,YES,0,0,?,67200,6720,6720,53760,Volkswagen,Passat,1995,N
256,43,883980,12/13/2014,OH,100/300,500,1203.17,0,455810,FEMALE,MD,prof-specialty,golf,unmarried,56700,-65600,2/6/15,Single Vehicle Collision,Rear Collision,Total Loss,Fire,WV,Hillsdale,8834 Elm Drive,11,1,NO,0,0,?,63250,11500,5750,46000,Nissan,Ultima,1997,N
194,41,238196,2/15/1993,IL,250/500,500,1203.81,0,613119,MALE,JD,transport-moving,video-games,not-in-family,52500,-51300,2/6/15,Multi-vehicle Collision,Rear Collision,Minor Damage,Police,WV,Springfield,3555 Francis Ridge,17,3,?,0,2,?,95900,13700,20550,61650,Saab,95,1999,N
85,31,873384,3/10/04,IL,250/500,2000,1234.69,9000000,613471,FEMALE,MD,tech-support,paintball,husband,0,0,2/6/15,Multi-vehicle Collision,Front Collision,Major Damage,Other,WV,Arlington,7733 Britain Lane,1,2,NO,2,1,?,74400,14880,7440,52080,BMW,M5,2003,Y
92,32,482495,1/29/1998,IL,500/1000,500,1592.41,0,474324,MALE,Masters,prof-specialty,yachting,husband,58900,-29100,2/6/15,Single Vehicle Collision,Rear Collision,Total Loss,Ambulance,WV,Columbus,5771 Best St,22,1,?,2,3,YES,53400,5340,5340,42720,Jeep,Wrangler,1996,N
230,42,175960,11/16/2004,IN,100/300,1000,1023.11,0,476130,FEMALE,MD,adm-clerical,golf,own-child,0,-45300,2/6/15,Multi-vehicle Collision,Rear Collision,Minor Damage,Other,NY,Northbend,1589 Best Ave,13,3,NO,1,2,YES,58850,10700,10700,37450,Accura,MDX,1999,N
152,33,695117,6/10/01,IN,100/300,1000,1034.27,0,617721,FEMALE,JD,armed-forces,exercise,husband,0,0,2/6/15,Single Vehicle Collision,Front Collision,Minor Damage,Fire,NY,Hillsdale,3177 MLK Ridge,18,1,NO,1,0,NO,63900,7100,7100,49700,Accura,TL,2014,N
163,37,390256,11/25/2009,IN,500/1000,1000,1200.33,4000000,477631,FEMALE,High School,craft-repair,cross-fit,own-child,0,-36400,2/6/15,Vehicle Theft,?,Minor Damage,Police,WV,Springfield,6702 Andromedia St,7,1,?,2,1,YES,3900,390,780,2730,Volkswagen,Jetta,2008,Y
257,44,109392,7/12/06,OH,100/300,1000,1280.88,0,433981,MALE,MD,other-service,basketball,other-relative,59400,-32200,2/6/15,Single Vehicle Collision,Rear Collision,Total Loss,Other,WV,Riverwood,5312 Francis Ridge,21,1,NO,0,1,NO,46980,0,5220,41760,Accura,TL,2002,N
202,34,608513,7/18/2002,IN,100/300,500,848.07,3000000,607730,MALE,JD,exec-managerial,chess,not-in-family,31000,-30200,1/7/15,Vehicle Theft,?,Minor Damage,None,VA,Northbrook,3790 Andromedia Hwy,5,1,YES,2,1,?,5720,1040,520,4160,Suburu,Forrestor,2003,Y
11,39,623648,5/19/1993,IL,250/500,2000,1470.06,0,431683,MALE,PhD,other-service,yachting,husband,56600,-45800,1/7/15,Single Vehicle Collision,Front Collision,Total Loss,Ambulance,WV,Riverwood,4296 Pine Hwy,22,1,YES,0,1,NO,65790,7310,7310,51170,Saab,93,2007,N
41,25,958857,1/15/1992,IN,100/300,1000,1226.83,0,607763,FEMALE,College,exec-managerial,exercise,not-in-family,0,-56100,1/7/15,Multi-vehicle Collision,Side Collision,Major Damage,Other,SC,Columbus,7238 2nd St,12,3,YES,2,0,?,45120,0,5640,39480,Accura,MDX,2011,Y
120,28,434507,2/6/09,IL,250/500,1000,1281.27,0,447442,FEMALE,PhD,tech-support,golf,not-in-family,68900,0,1/7/15,Multi-vehicle Collision,Rear Collision,Minor Damage,Fire,SC,Springfield,7709 Rock Lane,9,3,NO,0,3,?,65500,6550,6550,52400,BMW,X5,2010,N
122,34,985436,8/9/03,IL,250/500,500,1495.06,0,452249,FEMALE,Masters,prof-specialty,polo,unmarried,38100,-31400,1/7/15,Multi-vehicle Collision,Rear Collision,Total Loss,Fire,PA,Columbus,2733 Texas Drive,18,3,NO,2,0,YES,99990,18180,18180,63630,Mercedes,E400,2011,N
155,34,914815,9/27/1990,IN,100/300,500,1706.79,0,462479,MALE,Masters,protective-serv,dancing,other-relative,0,0,1/7/15,Single Vehicle Collision,Front Collision,Minor Damage,Ambulance,OH,Hillsdale,9706 MLK Lane,1,1,NO,1,1,YES,77040,8560,8560,59920,Honda,Civic,1998,N
69,26,593390,3/24/2006,IL,100/300,2000,924.72,0,437688,FEMALE,High School,machine-op-inspct,base-jumping,unmarried,0,0,1/7/15,Single Vehicle Collision,Front Collision,Minor Damage,Fire,NY,Columbus,6104 Oak Ave,14,1,NO,2,2,NO,63120,5260,10520,47340,Audi,A5,2008,N
362,50,114839,1/1/06,IL,250/500,500,1198.34,4000000,619735,MALE,Associate,sales,board-games,wife,53000,-72500,1/7/15,Multi-vehicle Collision,Side Collision,Total Loss,Fire,NY,Columbus,8655 Cherokee Lane,17,3,?,1,1,NO,57060,6340,6340,44380,Mercedes,E400,1995,N
134,30,843227,9/28/2007,OH,250/500,2000,1443.32,0,613287,FEMALE,PhD,exec-managerial,dancing,unmarried,0,0,1/7/15,Multi-vehicle Collision,Rear Collision,Major Damage,Fire,SC,Northbend,9980 Lincoln Ave,19,3,?,0,2,YES,47790,5310,5310,37170,Suburu,Impreza,1995,Y
163,31,127313,4/1/02,IN,100/300,1000,1004.63,6000000,460359,MALE,JD,priv-house-serv,hiking,not-in-family,26900,0,1/7/15,Multi-vehicle Collision,Rear Collision,Total Loss,Ambulance,SC,Hillsdale,3439 Andromedia Hwy,14,3,YES,2,0,NO,63910,5810,11620,46480,Suburu,Forrestor,1999,N
159,37,106873,8/28/1998,IL,500/1000,1000,894.4,0,446435,MALE,Associate,tech-support,camping,wife,0,-53700,1/7/15,Single Vehicle Collision,Rear Collision,Total Loss,Police,NY,Springfield,2337 Lincoln Hwy,13,1,YES,2,0,NO,70290,7810,7810,54670,Dodge,RAM,1999,N
110,28,435784,7/13/2013,OH,250/500,1000,1573.93,0,461919,MALE,College,other-service,movies,other-relative,30400,0,1/7/15,Multi-vehicle Collision,Side Collision,Minor Damage,Police,NY,Springfield,9397 Francis St,20,3,YES,0,2,?,65040,10840,10840,43360,Suburu,Impreza,2010,N
47,34,218109,12/31/2003,IL,500/1000,500,1161.31,0,617527,FEMALE,PhD,exec-managerial,base-jumping,other-relative,64800,-24300,1/7/15,Single Vehicle Collision,Front Collision,Minor Damage,Police,SC,Springfield,1707 Sky Ave,23,1,YES,1,3,?,62920,11440,5720,45760,Chevrolet,Malibu,2012,N
414,52,373935,2/13/2003,IN,500/1000,500,1335.13,0,452647,FEMALE,High School,farming-fishing,chess,unmarried,44000,-71000,1/7/15,Single Vehicle Collision,Rear Collision,Total Loss,Police,SC,Northbend,3707 Oak Ridge,13,1,YES,1,1,?,54810,6090,6090,42630,Chevrolet,Silverado,1999,Y
347,51,343421,10/18/1996,OH,500/1000,500,1480.79,9000000,432399,FEMALE,MD,priv-house-serv,board-games,unmarried,0,-12100,1/7/15,Single Vehicle Collision,Side Collision,Total Loss,Other,NC,Hillsdale,9070 Tree Ave,15,1,YES,0,2,?,103560,8630,17260,77670,Jeep,Wrangler,1997,N
33,33,758740,8/4/97,IL,500/1000,1000,1096.79,6000000,446898,FEMALE,Associate,handlers-cleaners,dancing,unmarried,45500,-60600,1/7/15,Single Vehicle Collision,Rear Collision,Major Damage,Police,VA,Springfield,8926 Texas Ridge,16,1,?,2,1,?,81400,8140,8140,65120,BMW,M5,1998,N
126,30,267808,9/10/98,IL,500/1000,2000,916.13,0,431389,MALE,College,sales,golf,unmarried,55300,-58400,1/7/15,Multi-vehicle Collision,Rear Collision,Total Loss,Police,NY,Northbend,8862 Maple Ridge,16,3,YES,2,0,NO,74160,6180,12360,55620,Mercedes,E400,2002,N
230,43,505316,6/30/2002,IN,100/300,2000,1221.14,0,473394,MALE,MD,prof-specialty,board-games,wife,48100,0,1/7/15,Single Vehicle Collision,Side Collision,Total Loss,Ambulance,VA,Hillsdale,3089 Oak Ridge,13,1,?,0,2,?,75460,13720,13720,48020,Audi,A5,2002,N
204,40,540152,1/27/1991,IL,100/300,500,1256.2,0,448310,FEMALE,JD,sales,hiking,not-in-family,0,0,1/7/15,Multi-vehicle Collision,Side Collision,Minor Damage,Other,SC,Northbend,5363 Weaver Lane,10,3,YES,1,2,YES,41700,8340,8340,25020,Saab,95,2013,N
172,33,100804,2/24/2012,IL,100/300,1000,1459.96,6000000,600127,FEMALE,High School,adm-clerical,reading,wife,41300,-42000,1/7/15,Multi-vehicle Collision,Side Collision,Total Loss,Ambulance,NY,Northbend,8214 Flute St,15,3,NO,0,1,NO,41690,7580,7580,26530,Saab,95,1999,N
254,41,496067,12/22/1995,IL,250/500,500,1581.27,5000000,603827,FEMALE,PhD,handlers-cleaners,skydiving,own-child,42200,-48000,1/7/15,Single Vehicle Collision,Front Collision,Minor Damage,Police,NY,Riverwood,3029 5th Ave,8,1,YES,2,2,NO,63470,5770,11540,46160,BMW,X6,1999,N
255,39,143109,7/9/01,OH,250/500,500,1453.95,0,470389,FEMALE,PhD,armed-forces,bungie-jumping,not-in-family,38200,0,1/7/15,Multi-vehicle Collision,Side Collision,Total Loss,Fire,WV,Springfield,3443 Maple Ridge,17,3,YES,0,3,NO,29300,2930,5860,20510,Audi,A3,2010,N
446,61,259792,4/7/99,IL,100/300,1000,1232.79,0,441967,FEMALE,High School,adm-clerical,reading,unmarried,49900,-62100,1/7/15,Single Vehicle Collision,Rear Collision,Minor Damage,Other,VA,Springfield,5812 Weaver Ave,3,1,YES,2,0,YES,70500,7050,14100,49350,Suburu,Forrestor,2007,N
77,26,357394,5/9/08,IL,250/500,2000,785.82,0,620207,MALE,JD,exec-managerial,movies,other-relative,49700,0,1/7/15,Multi-vehicle Collision,Rear Collision,Major Damage,Police,NY,Hillsdale,9082 3rd Lane,12,3,YES,2,0,?,69080,12560,6280,50240,Audi,A5,2009,Y
132,32,684653,11/15/1997,OH,250/500,2000,1106.84,0,464362,MALE,PhD,other-service,reading,wife,43100,-31900,1/7/15,Vehicle Theft,?,Minor Damage,Police,SC,Riverwood,4577 Sky Hwy,21,1,YES,1,1,YES,5600,1120,560,3920,Suburu,Legacy,2005,N
156,31,475588,9/21/1996,IL,100/300,2000,1134.08,0,446895,MALE,PhD,other-service,reading,husband,0,0,2/7/15,Single Vehicle Collision,Front Collision,Major Damage,Police,NC,Arlington,5812 Oak St,3,1,?,2,0,?,59000,5900,5900,47200,Ford,Fusion,2013,Y
399,55,984948,4/14/1993,IL,500/1000,2000,995.56,0,464665,MALE,JD,tech-support,sleeping,not-in-family,0,-65400,2/7/15,Multi-vehicle Collision,Side Collision,Total Loss,Police,NY,Northbend,1316 Britain Ridge,23,3,YES,1,1,YES,88400,17680,8840,61880,Nissan,Pathfinder,2010,N
315,44,206667,5/5/93,IL,250/500,1000,974.16,6000000,438328,FEMALE,Masters,sales,reading,other-relative,0,-56800,2/7/15,Multi-vehicle Collision,Front Collision,Total Loss,Other,NY,Springfield,7576 Pine Ridge,12,3,?,1,0,YES,26730,4860,4860,17010,Volkswagen,Jetta,2006,N
225,37,373600,12/1/00,OH,100/300,1000,1217.84,5000000,443462,FEMALE,High School,farming-fishing,yachting,not-in-family,49600,0,2/7/15,Multi-vehicle Collision,Front Collision,Minor Damage,Fire,WV,Northbrook,6501 5th Drive,19,3,?,2,2,NO,57600,9600,9600,38400,Volkswagen,Passat,2015,N
158,33,509489,12/21/2013,OH,100/300,1000,1744.64,3000000,432786,MALE,JD,prof-specialty,movies,unmarried,0,0,2/7/15,Multi-vehicle Collision,Rear Collision,Total Loss,Ambulance,WV,Springfield,1491 Francis Ridge,4,3,NO,0,1,NO,36400,3640,7280,25480,Volkswagen,Jetta,1998,N
313,47,431478,4/3/13,IN,250/500,1000,1556.17,0,463835,MALE,College,prof-specialty,reading,wife,63900,-53300,2/7/15,Single Vehicle Collision,Front Collision,Major Damage,Ambulance,SC,Hillsdale,3263 Pine Ridge,20,1,YES,1,3,NO,40260,3660,7320,29280,Accura,MDX,1996,Y
64,30,159243,9/19/1991,IL,250/500,2000,1681.01,0,446174,MALE,JD,protective-serv,base-jumping,own-child,0,-51100,2/7/15,Parked Car,?,Minor Damage,None,SC,Riverwood,3006 Lincoln Ridge,16,1,NO,2,1,NO,4900,490,1470,2940,Jeep,Wrangler,2015,N
456,62,669800,6/24/2009,OH,250/500,1000,1395.77,0,611651,FEMALE,MD,protective-serv,chess,own-child,82600,-49500,2/7/15,Multi-vehicle Collision,Side Collision,Major Damage,Other,PA,Hillsdale,5352 Lincoln Drive,13,3,?,1,3,NO,66480,5540,11080,49860,Saab,92x,2012,Y
191,38,753005,11/20/2005,IL,100/300,2000,1253.44,0,608525,FEMALE,Masters,craft-repair,sleeping,not-in-family,0,0,2/7/15,Multi-vehicle Collision,Side Collision,Major Damage,Ambulance,VA,Hillsdale,7201 Washington Ave,19,3,NO,2,0,NO,56320,10240,5120,40960,Volkswagen,Jetta,2007,N
31,32,231548,9/7/99,IL,100/300,2000,1263.48,4000000,442948,FEMALE,JD,other-service,hiking,wife,46800,-87300,2/7/15,Single Vehicle Collision,Side Collision,Major Damage,Fire,WV,Hillsdale,6536 MLK Hwy,10,1,?,2,0,?,63600,5300,10600,47700,Audi,A5,1997,Y
,,,,,,,,,,,,,,,,,,,,,,,,,,,,,,,,,,,,,,
,,,,,,,,,,,,,,,,,,,,,,,,,,,,,,,,,,,,,,
,,,,,,,,,,,,,,,,,,,,,,,,,,,,,,,,,,,,,,
,,,,,,,,,,,,,,,,,,,,,,,,,,,,,,,,,,,,,,
,,,,,,,,,,,,,,,,,,,,,,,,,,,,,,,,,,,,,,
,,,,,,,,,,,,,,,,,,,,,,,,,,,,,,,,,,,,,,
,,,,,,,,,,,,,,,,,,,,,,,,,,,,,,,,,,,,,,
,,,,,,,,,,,,,,,,,,,,,,,,,,,,,,,,,,,,,,
,,,,,,,,,,,,,,,,,,,,,,,,,,,,,,,,,,,,,,
,,,,,,,,,,,,,,,,,,,,,,,,,,,,,,,,,,,,,,
,,,,,,,,,,,,,,,,,,,,,,,,,,,,,,,,,,,,,,
,,,,,,,,,,,,,,,,,,,,,,,,,,,,,,,,,,,,,,
,,,,,,,,,,,,,,,,,,,,,,,,,,,,,,,,,,,,,,
,,,,,,,,,,,,,,,,,,,,,,,,,,,,,,,,,,,,,,
,,,,,,,,,,,,,,,,,,,,,,,,,,,,,,,,,,,,,,
,,,,,,,,,,,,,,,,,,,,,,,,,,,,,,,,,,,,,,
,,,,,,,,,,,,,,,,,,,,,,,,,,,,,,,,,,,,,,
,,,,,,,,,,,,,,,,,,,,,,,,,,,,,,,,,,,,,,
,,,,,,,,,,,,,,,,,,,,,,,,,,,,,,,,,,,,,,
,,,,,,,,,,,,,,,,,,,,,,,,,,,,,,,,,,,,,,
,,,,,,,,,,,,,,,,,,,,,,,,,,,,,,,,,,,,,,
,,,,,,,,,,,,,,,,,,,,,,,,,,,,,,,,,,,,,,
,,,,,,,,,,,,,,,,,,,,,,,,,,,,,,,,,,,,,,
,,,,,,,,,,,,,,,,,,,,,,,,,,,,,,,,,,,,,,
,,,,,,,,,,,,,,,,,,,,,,,,,,,,,,,,,,,,,,
,,,,,,,,,,,,,,,,,,,,,,,,,,,,,,,,,,,,,,
,,,,,,,,,,,,,,,,,,,,,,,,,,,,,,,,,,,,,,
,,,,,,,,,,,,,,,,,,,,,,,,,,,,,,,,,,,,,,
,,,,,,,,,,,,,,,,,,,,,,,,,,,,,,,,,,,,,,
,,,,,,,,,,,,,,,,,,,,,,,,,,,,,,,,,,,,,,
,,,,,,,,,,,,,,,,,,,,,,,,,,,,,,,,,,,,,,
,,,,,,,,,,,,,,,,,,,,,,,,,,,,,,,,,,,,,,
,,,,,,,,,,,,,,,,,,,,,,,,,,,,,,,,,,,,,,
,,,,,,,,,,,,,,,,,,,,,,,,,,,,,,,,,,,,,,
,,,,,,,,,,,,,,,,,,,,,,,,,,,,,,,,,,,,,,
,,,,,,,,,,,,,,,,,,,,,,,,,,,,,,,,,,,,,,
,,,,,,,,,,,,,,,,,,,,,,,,,,,,,,,,,,,,,,
,,,,,,,,,,,,,,,,,,,,,,,,,,,,,,,,,,,,,,
,,,,,,,,,,,,,,,,,,,,,,,,,,,,,,,,,,,,,,
,,,,,,,,,,,,,,,,,,,,,,,,,,,,,,,,,,,,,,
,,,,,,,,,,,,,,,,,,,,,,,,,,,,,,,,,,,,,,
,,,,,,,,,,,,,,,,,,,,,,,,,,,,,,,,,,,,,,
,,,,,,,,,,,,,,,,,,,,,,,,,,,,,,,,,,,,,,
,,,,,,,,,,,,,,,,,,,,,,,,,,,,,,,,,,,,,,
,,,,,,,,,,,,,,,,,,,,,,,,,,,,,,,,,,,,,,
,,,,,,,,,,,,,,,,,,,,,,,,,,,,,,,,,,,,,,
,,,,,,,,,,,,,,,,,,,,,,,,,,,,,,,,,,,,,,
,,,,,,,,,,,,,,,,,,,,,,,,,,,,,,,,,,,,,,
,,,,,,,,,,,,,,,,,,,,,,,,,,,,,,,,,,,,,,
,,,,,,,,,,,,,,,,,,,,,,,,,,,,,,,,,,,,,,
,,,,,,,,,,,,,,,,,,,,,,,,,,,,,,,,,,,,,,
,,,,,,,,,,,,,,,,,,,,,,,,,,,,,,,,,,,,,,
,,,,,,,,,,,,,,,,,,,,,,,,,,,,,,,,,,,,,,
,,,,,,,,,,,,,,,,,,,,,,,,,,,,,,,,,,,,,,
,,,,,,,,,,,,,,,,,,,,,,,,,,,,,,,,,,,,,,
,,,,,,,,,,,,,,,,,,,,,,,,,,,,,,,,,,,,,,
,,,,,,,,,,,,,,,,,,,,,,,,,,,,,,,,,,,,,,
,,,,,,,,,,,,,,,,,,,,,,,,,,,,,,,,,,,,,,
,,,,,,,,,,,,,,,,,,,,,,,,,,,,,,,,,,,,,,
,,,,,,,,,,,,,,,,,,,,,,,,,,,,,,,,,,,,,,
,,,,,,,,,,,,,,,,,,,,,,,,,,,,,,,,,,,,,,
,,,,,,,,,,,,,,,,,,,,,,,,,,,,,,,,,,,,,,
,,,,,,,,,,,,,,,,,,,,,,,,,,,,,,,,,,,,,,
,,,,,,,,,,,,,,,,,,,,,,,,,,,,,,,,,,,,,,
,,,,,,,,,,,,,,,,,,,,,,,,,,,,,,,,,,,,,,
,,,,,,,,,,,,,,,,,,,,,,,,,,,,,,,,,,,,,,
,,,,,,,,,,,,,,,,,,,,,,,,,,,,,,,,,,,,,,
,,,,,,,,,,,,,,,,,,,,,,,,,,,,,,,,,,,,,,
,,,,,,,,,,,,,,,,,,,,,,,,,,,,,,,,,,,,,,
,,,,,,,,,,,,,,,,,,,,,,,,,,,,,,,,,,,,,,
,,,,,,,,,,,,,,,,,,,,,,,,,,,,,,,,,,,,,,
,,,,,,,,,,,,,,,,,,,,,,,,,,,,,,,,,,,,,,
,,,,,,,,,,,,,,,,,,,,,,,,,,,,,,,,,,,,,,
,,,,,,,,,,,,,,,,,,,,,,,,,,,,,,,,,,,,,,
,,,,,,,,,,,,,,,,,,,,,,,,,,,,,,,,,,,,,,
,,,,,,,,,,,,,,,,,,,,,,,,,,,,,,,,,,,,,,
,,,,,,,,,,,,,,,,,,,,,,,,,,,,,,,,,,,,,,
,,,,,,,,,,,,,,,,,,,,,,,,,,,,,,,,,,,,,,
,,,,,,,,,,,,,,,,,,,,,,,,,,,,,,,,,,,,,,
,,,,,,,,,,,,,,,,,,,,,,,,,,,,,,,,,,,,,,
,,,,,,,,,,,,,,,,,,,,,,,,,,,,,,,,,,,,,,
,,,,,,,,,,,,,,,,,,,,,,,,,,,,,,,,,,,,,,
,,,,,,,,,,,,,,,,,,,,,,,,,,,,,,,,,,,,,,
,,,,,,,,,,,,,,,,,,,,,,,,,,,,,,,,,,,,,,
,,,,,,,,,,,,,,,,,,,,,,,,,,,,,,,,,,,,,,
,,,,,,,,,,,,,,,,,,,,,,,,,,,,,,,,,,,,,,
,,,,,,,,,,,,,,,,,,,,,,,,,,,,,,,,,,,,,,
,,,,,,,,,,,,,,,,,,,,,,,,,,,,,,,,,,,,,,
,,,,,,,,,,,,,,,,,,,,,,,,,,,,,,,,,,,,,,
,,,,,,,,,,,,,,,,,,,,,,,,,,,,,,,,,,,,,,
,,,,,,,,,,,,,,,,,,,,,,,,,,,,,,,,,,,,,,
,,,,,,,,,,,,,,,,,,,,,,,,,,,,,,,,,,,,,,
,,,,,,,,,,,,,,,,,,,,,,,,,,,,,,,,,,,,,,
,,,,,,,,,,,,,,,,,,,,,,,,,,,,,,,,,,,,,,
,,,,,,,,,,,,,,,,,,,,,,,,,,,,,,,,,,,,,,
,,,,,,,,,,,,,,,,,,,,,,,,,,,,,,,,,,,,,,
,,,,,,,,,,,,,,,,,,,,,,,,,,,,,,,,,,,,,,
,,,,,,,,,,,,,,,,,,,,,,,,,,,,,,,,,,,,,,
,,,,,,,,,,,,,,,,,,,,,,,,,,,,,,,,,,,,,,
,,,,,,,,,,,,,,,,,,,,,,,,,,,,,,,,,,,,,,
,,,,,,,,,,,,,,,,,,,,,,,,,,,,,,,,,,,,,,
,,,,,,,,,,,,,,,,,,,,,,,,,,,,,,,,,,,,,,
,,,,,,,,,,,,,,,,,,,,,,,,,,,,,,,,,,,,,,
,,,,,,,,,,,,,,,,,,,,,,,,,,,,,,,,,,,,,,
,,,,,,,,,,,,,,,,,,,,,,,,,,,,,,,,,,,,,,
,,,,,,,,,,,,,,,,,,,,,,,,,,,,,,,,,,,,,,
,,,,,,,,,,,,,,,,,,,,,,,,,,,,,,,,,,,,,,
,,,,,,,,,,,,,,,,,,,,,,,,,,,,,,,,,,,,,,
,,,,,,,,,,,,,,,,,,,,,,,,,,,,,,,,,,,,,,
,,,,,,,,,,,,,,,,,,,,,,,,,,,,,,,,,,,,,,
,,,,,,,,,,,,,,,,,,,,,,,,,,,,,,,,,,,,,,
,,,,,,,,,,,,,,,,,,,,,,,,,,,,,,,,,,,,,,
,,,,,,,,,,,,,,,,,,,,,,,,,,,,,,,,,,,,,,
,,,,,,,,,,,,,,,,,,,,,,,,,,,,,,,,,,,,,,
,,,,,,,,,,,,,,,,,,,,,,,,,,,,,,,,,,,,,,
,,,,,,,,,,,,,,,,,,,,,,,,,,,,,,,,,,,,,,
,,,,,,,,,,,,,,,,,,,,,,,,,,,,,,,,,,,,,,
,,,,,,,,,,,,,,,,,,,,,,,,,,,,,,,,,,,,,,
,,,,,,,,,,,,,,,,,,,,,,,,,,,,,,,,,,,,,,
,,,,,,,,,,,,,,,,,,,,,,,,,,,,,,,,,,,,,,
,,,,,,,,,,,,,,,,,,,,,,,,,,,,,,,,,,,,,,
,,,,,,,,,,,,,,,,,,,,,,,,,,,,,,,,,,,,,,
,,,,,,,,,,,,,,,,,,,,,,,,,,,,,,,,,,,,,,
,,,,,,,,,,,,,,,,,,,,,,,,,,,,,,,,,,,,,,
,,,,,,,,,,,,,,,,,,,,,,,,,,,,,,,,,,,,,,
,,,,,,,,,,,,,,,,,,,,,,,,,,,,,,,,,,,,,,
,,,,,,,,,,,,,,,,,,,,,,,,,,,,,,,,,,,,,,
,,,,,,,,,,,,,,,,,,,,,,,,,,,,,,,,,,,,,,
,,,,,,,,,,,,,,,,,,,,,,,,,,,,,,,,,,,,,,
,,,,,,,,,,,,,,,,,,,,,,,,,,,,,,,,,,,,,,
,,,,,,,,,,,,,,,,,,,,,,,,,,,,,,,,,,,,,,
,,,,,,,,,,,,,,,,,,,,,,,,,,,,,,,,,,,,,,
,,,,,,,,,,,,,,,,,,,,,,,,,,,,,,,,,,,,,,
,,,,,,,,,,,,,,,,,,,,,,,,,,,,,,,,,,,,,,
,,,,,,,,,,,,,,,,,,,,,,,,,,,,,,,,,,,,,,
,,,,,,,,,,,,,,,,,,,,,,,,,,,,,,,,,,,,,,
,,,,,,,,,,,,,,,,,,,,,,,,,,,,,,,,,,,,,,
,,,,,,,,,,,,,,,,,,,,,,,,,,,,,,,,,,,,,,
,,,,,,,,,,,,,,,,,,,,,,,,,,,,,,,,,,,,,,
,,,,,,,,,,,,,,,,,,,,,,,,,,,,,,,,,,,,,,
,,,,,,,,,,,,,,,,,,,,,,,,,,,,,,,,,,,,,,
,,,,,,,,,,,,,,,,,,,,,,,,,,,,,,,,,,,,,,
,,,,,,,,,,,,,,,,,,,,,,,,,,,,,,,,,,,,,,
,,,,,,,,,,,,,,,,,,,,,,,,,,,,,,,,,,,,,,
,,,,,,,,,,,,,,,,,,,,,,,,,,,,,,,,,,,,,,
,,,,,,,,,,,,,,,,,,,,,,,,,,,,,,,,,,,,,,
,,,,,,,,,,,,,,,,,,,,,,,,,,,,,,,,,,,,,,
,,,,,,,,,,,,,,,,,,,,,,,,,,,,,,,,,,,,,,
,,,,,,,,,,,,,,,,,,,,,,,,,,,,,,,,,,,,,,
,,,,,,,,,,,,,,,,,,,,,,,,,,,,,,,,,,,,,,
,,,,,,,,,,,,,,,,,,,,,,,,,,,,,,,,,,,,,,
,,,,,,,,,,,,,,,,,,,,,,,,,,,,,,,,,,,,,,
,,,,,,,,,,,,,,,,,,,,,,,,,,,,,,,,,,,,,,
,,,,,,,,,,,,,,,,,,,,,,,,,,,,,,,,,,,,,,
,,,,,,,,,,,,,,,,,,,,,,,,,,,,,,,,,,,,,,
,,,,,,,,,,,,,,,,,,,,,,,,,,,,,,,,,,,,,,
,,,,,,,,,,,,,,,,,,,,,,,,,,,,,,,,,,,,,,
,,,,,,,,,,,,,,,,,,,,,,,,,,,,,,,,,,,,,,
,,,,,,,,,,,,,,,,,,,,,,,,,,,,,,,,,,,,,,
,,,,,,,,,,,,,,,,,,,,,,,,,,,,,,,,,,,,,,
,,,,,,,,,,,,,,,,,,,,,,,,,,,,,,,,,,,,,,
,,,,,,,,,,,,,,,,,,,,,,,,,,,,,,,,,,,,,,
,,,,,,,,,,,,,,,,,,,,,,,,,,,,,,,,,,,,,,
,,,,,,,,,,,,,,,,,,,,,,,,,,,,,,,,,,,,,,
,,,,,,,,,,,,,,,,,,,,,,,,,,,,,,,,,,,,,,
,,,,,,,,,,,,,,,,,,,,,,,,,,,,,,,,,,,,,,
,,,,,,,,,,,,,,,,,,,,,,,,,,,,,,,,,,,,,,
,,,,,,,,,,,,,,,,,,,,,,,,,,,,,,,,,,,,,,
,,,,,,,,,,,,,,,,,,,,,,,,,,,,,,,,,,,,,,
,,,,,,,,,,,,,,,,,,,,,,,,,,,,,,,,,,,,,,
,,,,,,,,,,,,,,,,,,,,,,,,,,,,,,,,,,,,,,
,,,,,,,,,,,,,,,,,,,,,,,,,,,,,,,,,,,,,,
,,,,,,,,,,,,,,,,,,,,,,,,,,,,,,,,,,,,,,
,,,,,,,,,,,,,,,,,,,,,,,,,,,,,,,,,,,,,,
,,,,,,,,,,,,,,,,,,,,,,,,,,,,,,,,,,,,,,
,,,,,,,,,,,,,,,,,,,,,,,,,,,,,,,,,,,,,,
,,,,,,,,,,,,,,,,,,,,,,,,,,,,,,,,,,,,,,
,,,,,,,,,,,,,,,,,,,,,,,,,,,,,,,,,,,,,,
,,,,,,,,,,,,,,,,,,,,,,,,,,,,,,,,,,,,,,
,,,,,,,,,,,,,,,,,,,,,,,,,,,,,,,,,,,,,,
,,,,,,,,,,,,,,,,,,,,,,,,,,,,,,,,,,,,,,
,,,,,,,,,,,,,,,,,,,,,,,,,,,,,,,,,,,,,,
,,,,,,,,,,,,,,,,,,,,,,,,,,,,,,,,,,,,,,
,,,,,,,,,,,,,,,,,,,,,,,,,,,,,,,,,,,,,,
,,,,,,,,,,,,,,,,,,,,,,,,,,,,,,,,,,,,,,
,,,,,,,,,,,,,,,,,,,,,,,,,,,,,,,,,,,,,,
,,,,,,,,,,,,,,,,,,,,,,,,,,,,,,,,,,,,,,
,,,,,,,,,,,,,,,,,,,,,,,,,,,,,,,,,,,,,,
,,,,,,,,,,,,,,,,,,,,,,,,,,,,,,,,,,,,,,
,,,,,,,,,,,,,,,,,,,,,,,,,,,,,,,,,,,,,,
,,,,,,,,,,,,,,,,,,,,,,,,,,,,,,,,,,,,,,
,,,,,,,,,,,,,,,,,,,,,,,,,,,,,,,,,,,,,,
,,,,,,,,,,,,,,,,,,,,,,,,,,,,,,,,,,,,,,
,,,,,,,,,,,,,,,,,,,,,,,,,,,,,,,,,,,,,,
,,,,,,,,,,,,,,,,,,,,,,,,,,,,,,,,,,,,,,
,,,,,,,,,,,,,,,,,,,,,,,,,,,,,,,,,,,,,,
,,,,,,,,,,,,,,,,,,,,,,,,,,,,,,,,,,,,,,
,,,,,,,,,,,,,,,,,,,,,,,,,,,,,,,,,,,,,,
,,,,,,,,,,,,,,,,,,,,,,,,,,,,,,,,,,,,,,
,,,,,,,,,,,,,,,,,,,,,,,,,,,,,,,,,,,,,,
,,,,,,,,,,,,,,,,,,,,,,,,,,,,,,,,,,,,,,
,,,,,,,,,,,,,,,,,,,,,,,,,,,,,,,,,,,,,,
,,,,,,,,,,,,,,,,,,,,,,,,,,,,,,,,,,,,,,
,,,,,,,,,,,,,,,,,,,,,,,,,,,,,,,,,,,,,,
,,,,,,,,,,,,,,,,,,,,,,,,,,,,,,,,,,,,,,
,,,,,,,,,,,,,,,,,,,,,,,,,,,,,,,,,,,,,,
,,,,,,,,,,,,,,,,,,,,,,,,,,,,,,,,,,,,,,
,,,,,,,,,,,,,,,,,,,,,,,,,,,,,,,,,,,,,,
,,,,,,,,,,,,,,,,,,,,,,,,,,,,,,,,,,,,,,
,,,,,,,,,,,,,,,,,,,,,,,,,,,,,,,,,,,,,,
,,,,,,,,,,,,,,,,,,,,,,,,,,,,,,,,,,,,,,
,,,,,,,,,,,,,,,,,,,,,,,,,,,,,,,,,,,,,,
,,,,,,,,,,,,,,,,,,,,,,,,,,,,,,,,,,,,,,
,,,,,,,,,,,,,,,,,,,,,,,,,,,,,,,,,,,,,,
,,,,,,,,,,,,,,,,,,,,,,,,,,,,,,,,,,,,,,
,,,,,,,,,,,,,,,,,,,,,,,,,,,,,,,,,,,,,,
,,,,,,,,,,,,,,,,,,,,,,,,,,,,,,,,,,,,,,
,,,,,,,,,,,,,,,,,,,,,,,,,,,,,,,,,,,,,,
,,,,,,,,,,,,,,,,,,,,,,,,,,,,,,,,,,,,,,
,,,,,,,,,,,,,,,,,,,,,,,,,,,,,,,,,,,,,,
,,,,,,,,,,,,,,,,,,,,,,,,,,,,,,,,,,,,,,
,,,,,,,,,,,,,,,,,,,,,,,,,,,,,,,,,,,,,,
,,,,,,,,,,,,,,,,,,,,,,,,,,,,,,,,,,,,,,
,,,,,,,,,,,,,,,,,,,,,,,,,,,,,,,,,,,,,,
,,,,,,,,,,,,,,,,,,,,,,,,,,,,,,,,,,,,,,
,,,,,,,,,,,,,,,,,,,,,,,,,,,,,,,,,,,,,,
,,,,,,,,,,,,,,,,,,,,,,,,,,,,,,,,,,,,,,
,,,,,,,,,,,,,,,,,,,,,,,,,,,,,,,,,,,,,,
,,,,,,,,,,,,,,,,,,,,,,,,,,,,,,,,,,,,,,
,,,,,,,,,,,,,,,,,,,,,,,,,,,,,,,,,,,,,,
,,,,,,,,,,,,,,,,,,,,,,,,,,,,,,,,,,,,,,
,,,,,,,,,,,,,,,,,,,,,,,,,,,,,,,,,,,,,,
,,,,,,,,,,,,,,,,,,,,,,,,,,,,,,,,,,,,,,
,,,,,,,,,,,,,,,,,,,,,,,,,,,,,,,,,,,,,,
,,,,,,,,,,,,,,,,,,,,,,,,,,,,,,,,,,,,,,
,,,,,,,,,,,,,,,,,,,,,,,,,,,,,,,,,,,,,,
,,,,,,,,,,,,,,,,,,,,,,,,,,,,,,,,,,,,,,
,,,,,,,,,,,,,,,,,,,,,,,,,,,,,,,,,,,,,,
,,,,,,,,,,,,,,,,,,,,,,,,,,,,,,,,,,,,,,
,,,,,,,,,,,,,,,,,,,,,,,,,,,,,,,,,,,,,,
,,,,,,,,,,,,,,,,,,,,,,,,,,,,,,,,,,,,,,
,,,,,,,,,,,,,,,,,,,,,,,,,,,,,,,,,,,,,,
,,,,,,,,,,,,,,,,,,,,,,,,,,,,,,,,,,,,,,
,,,,,,,,,,,,,,,,,,,,,,,,,,,,,,,,,,,,,,
,,,,,,,,,,,,,,,,,,,,,,,,,,,,,,,,,,,,,,
,,,,,,,,,,,,,,,,,,,,,,,,,,,,,,,,,,,,,,
,,,,,,,,,,,,,,,,,,,,,,,,,,,,,,,,,,,,,,
,,,,,,,,,,,,,,,,,,,,,,,,,,,,,,,,,,,,,,
,,,,,,,,,,,,,,,,,,,,,,,,,,,,,,,,,,,,,,
,,,,,,,,,,,,,,,,,,,,,,,,,,,,,,,,,,,,,,
,,,,,,,,,,,,,,,,,,,,,,,,,,,,,,,,,,,,,,
,,,,,,,,,,,,,,,,,,,,,,,,,,,,,,,,,,,,,,
,,,,,,,,,,,,,,,,,,,,,,,,,,,,,,,,,,,,,,
,,,,,,,,,,,,,,,,,,,,,,,,,,,,,,,,,,,,,,
,,,,,,,,,,,,,,,,,,,,,,,,,,,,,,,,,,,,,,
,,,,,,,,,,,,,,,,,,,,,,,,,,,,,,,,,,,,,,
,,,,,,,,,,,,,,,,,,,,,,,,,,,,,,,,,,,,,,
,,,,,,,,,,,,,,,,,,,,,,,,,,,,,,,,,,,,,,
,,,,,,,,,,,,,,,,,,,,,,,,,,,,,,,,,,,,,,
,,,,,,,,,,,,,,,,,,,,,,,,,,,,,,,,,,,,,,
,,,,,,,,,,,,,,,,,,,,,,,,,,,,,,,,,,,,,,
,,,,,,,,,,,,,,,,,,,,,,,,,,,,,,,,,,,,,,
,,,,,,,,,,,,,,,,,,,,,,,,,,,,,,,,,,,,,,
,,,,,,,,,,,,,,,,,,,,,,,,,,,,,,,,,,,,,,
,,,,,,,,,,,,,,,,,,,,,,,,,,,,,,,,,,,,,,
,,,,,,,,,,,,,,,,,,,,,,,,,,,,,,,,,,,,,,
,,,,,,,,,,,,,,,,,,,,,,,,,,,,,,,,,,,,,,
,,,,,,,,,,,,,,,,,,,,,,,,,,,,,,,,,,,,,,
,,,,,,,,,,,,,,,,,,,,,,,,,,,,,,,,,,,,,,
,,,,,,,,,,,,,,,,,,,,,,,,,,,,,,,,,,,,,,
,,,,,,,,,,,,,,,,,,,,,,,,,,,,,,,,,,,,,,
,,,,,,,,,,,,,,,,,,,,,,,,,,,,,,,,,,,,,,
,,,,,,,,,,,,,,,,,,,,,,,,,,,,,,,,,,,,,,
,,,,,,,,,,,,,,,,,,,,,,,,,,,,,,,,,,,,,,
,,,,,,,,,,,,,,,,,,,,,,,,,,,,,,,,,,,,,,
,,,,,,,,,,,,,,,,,,,,,,,,,,,,,,,,,,,,,,
,,,,,,,,,,,,,,,,,,,,,,,,,,,,,,,,,,,,,,
,,,,,,,,,,,,,,,,,,,,,,,,,,,,,,,,,,,,,,
,,,,,,,,,,,,,,,,,,,,,,,,,,,,,,,,,,,,,,
,,,,,,,,,,,,,,,,,,,,,,,,,,,,,,,,,,,,,,
,,,,,,,,,,,,,,,,,,,,,,,,,,,,,,,,,,,,,,
,,,,,,,,,,,,,,,,,,,,,,,,,,,,,,,,,,,,,,
,,,,,,,,,,,,,,,,,,,,,,,,,,,,,,,,,,,,,,
,,,,,,,,,,,,,,,,,,,,,,,,,,,,,,,,,,,,,,
,,,,,,,,,,,,,,,,,,,,,,,,,,,,,,,,,,,,,,
,,,,,,,,,,,,,,,,,,,,,,,,,,,,,,,,,,,,,,
,,,,,,,,,,,,,,,,,,,,,,,,,,,,,,,,,,,,,,
,,,,,,,,,,,,,,,,,,,,,,,,,,,,,,,,,,,,,,
,,,,,,,,,,,,,,,,,,,,,,,,,,,,,,,,,,,,,,
,,,,,,,,,,,,,,,,,,,,,,,,,,,,,,,,,,,,,,
,,,,,,,,,,,,,,,,,,,,,,,,,,,,,,,,,,,,,,
,,,,,,,,,,,,,,,,,,,,,,,,,,,,,,,,,,,,,,
,,,,,,,,,,,,,,,,,,,,,,,,,,,,,,,,,,,,,,
,,,,,,,,,,,,,,,,,,,,,,,,,,,,,,,,,,,,,,
,,,,,,,,,,,,,,,,,,,,,,,,,,,,,,,,,,,,,,
,,,,,,,,,,,,,,,,,,,,,,,,,,,,,,,,,,,,,,
,,,,,,,,,,,,,,,,,,,,,,,,,,,,,,,,,,,,,,
,,,,,,,,,,,,,,,,,,,,,,,,,,,,,,,,,,,,,,
,,,,,,,,,,,,,,,,,,,,,,,,,,,,,,,,,,,,,,
,,,,,,,,,,,,,,,,,,,,,,,,,,,,,,,,,,,,,,
,,,,,,,,,,,,,,,,,,,,,,,,,,,,,,,,,,,,,,
,,,,,,,,,,,,,,,,,,,,,,,,,,,,,,,,,,,,,,
,,,,,,,,,,,,,,,,,,,,,,,,,,,,,,,,,,,,,,
,,,,,,,,,,,,,,,,,,,,,,,,,,,,,,,,,,,,,,
,,,,,,,,,,,,,,,,,,,,,,,,,,,,,,,,,,,,,,
,,,,,,,,,,,,,,,,,,,,,,,,,,,,,,,,,,,,,,
,,,,,,,,,,,,,,,,,,,,,,,,,,,,,,,,,,,,,,
,,,,,,,,,,,,,,,,,,,,,,,,,,,,,,,,,,,,,,
,,,,,,,,,,,,,,,,,,,,,,,,,,,,,,,,,,,,,,
,,,,,,,,,,,,,,,,,,,,,,,,,,,,,,,,,,,,,,
,,,,,,,,,,,,,,,,,,,,,,,,,,,,,,,,,,,,,,
,,,,,,,,,,,,,,,,,,,,,,,,,,,,,,,,,,,,,,
,,,,,,,,,,,,,,,,,,,,,,,,,,,,,,,,,,,,,,
,,,,,,,,,,,,,,,,,,,,,,,,,,,,,,,,,,,,,,
,,,,,,,,,,,,,,,,,,,,,,,,,,,,,,,,,,,,,,
,,,,,,,,,,,,,,,,,,,,,,,,,,,,,,,,,,,,,,
,,,,,,,,,,,,,,,,,,,,,,,,,,,,,,,,,,,,,,
,,,,,,,,,,,,,,,,,,,,,,,,,,,,,,,,,,,,,,
,,,,,,,,,,,,,,,,,,,,,,,,,,,,,,,,,,,,,,
,,,,,,,,,,,,,,,,,,,,,,,,,,,,,,,,,,,,,,
,,,,,,,,,,,,,,,,,,,,,,,,,,,,,,,,,,,,,,
,,,,,,,,,,,,,,,,,,,,,,,,,,,,,,,,,,,,,,
,,,,,,,,,,,,,,,,,,,,,,,,,,,,,,,,,,,,,,
,,,,,,,,,,,,,,,,,,,,,,,,,,,,,,,,,,,,,,
,,,,,,,,,,,,,,,,,,,,,,,,,,,,,,,,,,,,,,
,,,,,,,,,,,,,,,,,,,,,,,,,,,,,,,,,,,,,,
,,,,,,,,,,,,,,,,,,,,,,,,,,,,,,,,,,,,,,
,,,,,,,,,,,,,,,,,,,,,,,,,,,,,,,,,,,,,,
,,,,,,,,,,,,,,,,,,,,,,,,,,,,,,,,,,,,,,
,,,,,,,,,,,,,,,,,,,,,,,,,,,,,,,,,,,,,,
,,,,,,,,,,,,,,,,,,,,,,,,,,,,,,,,,,,,,,
,,,,,,,,,,,,,,,,,,,,,,,,,,,,,,,,,,,,,,
,,,,,,,,,,,,,,,,,,,,,,,,,,,,,,,,,,,,,,
,,,,,,,,,,,,,,,,,,,,,,,,,,,,,,,,,,,,,,
,,,,,,,,,,,,,,,,,,,,,,,,,,,,,,,,,,,,,,
,,,,,,,,,,,,,,,,,,,,,,,,,,,,,,,,,,,,,,
,,,,,,,,,,,,,,,,,,,,,,,,,,,,,,,,,,,,,,
,,,,,,,,,,,,,,,,,,,,,,,,,,,,,,,,,,,,,,
,,,,,,,,,,,,,,,,,,,,,,,,,,,,,,,,,,,,,,
,,,,,,,,,,,,,,,,,,,,,,,,,,,,,,,,,,,,,,
,,,,,,,,,,,,,,,,,,,,,,,,,,,,,,,,,,,,,,
,,,,,,,,,,,,,,,,,,,,,,,,,,,,,,,,,,,,,,
,,,,,,,,,,,,,,,,,,,,,,,,,,,,,,,,,,,,,,
,,,,,,,,,,,,,,,,,,,,,,,,,,,,,,,,,,,,,,
,,,,,,,,,,,,,,,,,,,,,,,,,,,,,,,,,,,,,,
,,,,,,,,,,,,,,,,,,,,,,,,,,,,,,,,,,,,,,
,,,,,,,,,,,,,,,,,,,,,,,,,,,,,,,,,,,,,,
,,,,,,,,,,,,,,,,,,,,,,,,,,,,,,,,,,,,,,
,,,,,,,,,,,,,,,,,,,,,,,,,,,,,,,,,,,,,,
,,,,,,,,,,,,,,,,,,,,,,,,,,,,,,,,,,,,,,
,,,,,,,,,,,,,,,,,,,,,,,,,,,,,,,,,,,,,,
,,,,,,,,,,,,,,,,,,,,,,,,,,,,,,,,,,,,,,
,,,,,,,,,,,,,,,,,,,,,,,,,,,,,,,,,,,,,,
,,,,,,,,,,,,,,,,,,,,,,,,,,,,,,,,,,,,,,
,,,,,,,,,,,,,,,,,,,,,,,,,,,,,,,,,,,,,,
,,,,,,,,,,,,,,,,,,,,,,,,,,,,,,,,,,,,,,
,,,,,,,,,,,,,,,,,,,,,,,,,,,,,,,,,,,,,,
,,,,,,,,,,,,,,,,,,,,,,,,,,,,,,,,,,,,,,
,,,,,,,,,,,,,,,,,,,,,,,,,,,,,,,,,,,,,,
,,,,,,,,,,,,,,,,,,,,,,,,,,,,,,,,,,,,,,
,,,,,,,,,,,,,,,,,,,,,,,,,,,,,,,,,,,,,,
,,,,,,,,,,,,,,,,,,,,,,,,,,,,,,,,,,,,,,
,,,,,,,,,,,,,,,,,,,,,,,,,,,,,,,,,,,,,,
,,,,,,,,,,,,,,,,,,,,,,,,,,,,,,,,,,,,,,
,,,,,,,,,,,,,,,,,,,,,,,,,,,,,,,,,,,,,,
,,,,,,,,,,,,,,,,,,,,,,,,,,,,,,,,,,,,,,
,,,,,,,,,,,,,,,,,,,,,,,,,,,,,,,,,,,,,,
,,,,,,,,,,,,,,,,,,,,,,,,,,,,,,,,,,,,,,
,,,,,,,,,,,,,,,,,,,,,,,,,,,,,,,,,,,,,,
,,,,,,,,,,,,,,,,,,,,,,,,,,,,,,,,,,,,,,
,,,,,,,,,,,,,,,,,,,,,,,,,,,,,,,,,,,,,,
,,,,,,,,,,,,,,,,,,,,,,,,,,,,,,,,,,,,,,
,,,,,,,,,,,,,,,,,,,,,,,,,,,,,,,,,,,,,,
,,,,,,,,,,,,,,,,,,,,,,,,,,,,,,,,,,,,,,
,,,,,,,,,,,,,,,,,,,,,,,,,,,,,,,,,,,,,,
,,,,,,,,,,,,,,,,,,,,,,,,,,,,,,,,,,,,,,
,,,,,,,,,,,,,,,,,,,,,,,,,,,,,,,,,,,,,,
,,,,,,,,,,,,,,,,,,,,,,,,,,,,,,,,,,,,,,
,,,,,,,,,,,,,,,,,,,,,,,,,,,,,,,,,,,,,,
,,,,,,,,,,,,,,,,,,,,,,,,,,,,,,,,,,,,,,
,,,,,,,,,,,,,,,,,,,,,,,,,,,,,,,,,,,,,,
,,,,,,,,,,,,,,,,,,,,,,,,,,,,,,,,,,,,,,
,,,,,,,,,,,,,,,,,,,,,,,,,,,,,,,,,,,,,,
,,,,,,,,,,,,,,,,,,,,,,,,,,,,,,,,,,,,,,
,,,,,,,,,,,,,,,,,,,,,,,,,,,,,,,,,,,,,,
,,,,,,,,,,,,,,,,,,,,,,,,,,,,,,,,,,,,,,
,,,,,,,,,,,,,,,,,,,,,,,,,,,,,,,,,,,,,,
,,,,,,,,,,,,,,,,,,,,,,,,,,,,,,,,,,,,,,
,,,,,,,,,,,,,,,,,,,,,,,,,,,,,,,,,,,,,,
,,,,,,,,,,,,,,,,,,,,,,,,,,,,,,,,,,,,,,
,,,,,,,,,,,,,,,,,,,,,,,,,,,,,,,,,,,,,,
,,,,,,,,,,,,,,,,,,,,,,,,,,,,,,,,,,,,,,
,,,,,,,,,,,,,,,,,,,,,,,,,,,,,,,,,,,,,,
,,,,,,,,,,,,,,,,,,,,,,,,,,,,,,,,,,,,,,
,,,,,,,,,,,,,,,,,,,,,,,,,,,,,,,,,,,,,,
,,,,,,,,,,,,,,,,,,,,,,,,,,,,,,,,,,,,,,
,,,,,,,,,,,,,,,,,,,,,,,,,,,,,,,,,,,,,,
,,,,,,,,,,,,,,,,,,,,,,,,,,,,,,,,,,,,,,
,,,,,,,,,,,,,,,,,,,,,,,,,,,,,,,,,,,,,,
,,,,,,,,,,,,,,,,,,,,,,,,,,,,,,,,,,,,,,
,,,,,,,,,,,,,,,,,,,,,,,,,,,,,,,,,,,,,,
,,,,,,,,,,,,,,,,,,,,,,,,,,,,,,,,,,,,,,
,,,,,,,,,,,,,,,,,,,,,,,,,,,,,,,,,,,,,,
,,,,,,,,,,,,,,,,,,,,,,,,,,,,,,,,,,,,,,
,,,,,,,,,,,,,,,,,,,,,,,,,,,,,,,,,,,,,,
,,,,,,,,,,,,,,,,,,,,,,,,,,,,,,,,,,,,,,
,,,,,,,,,,,,,,,,,,,,,,,,,,,,,,,,,,,,,,
,,,,,,,,,,,,,,,,,,,,,,,,,,,,,,,,,,,,,,
,,,,,,,,,,,,,,,,,,,,,,,,,,,,,,,,,,,,,,
,,,,,,,,,,,,,,,,,,,,,,,,,,,,,,,,,,,,,,
,,,,,,,,,,,,,,,,,,,,,,,,,,,,,,,,,,,,,,
,,,,,,,,,,,,,,,,,,,,,,,,,,,,,,,,,,,,,,
,,,,,,,,,,,,,,,,,,,,,,,,,,,,,,,,,,,,,,
,,,,,,,,,,,,,,,,,,,,,,,,,,,,,,,,,,,,,,
,,,,,,,,,,,,,,,,,,,,,,,,,,,,,,,,,,,,,,
,,,,,,,,,,,,,,,,,,,,,,,,,,,,,,,,,,,,,,
,,,,,,,,,,,,,,,,,,,,,,,,,,,,,,,,,,,,,,
,,,,,,,,,,,,,,,,,,,,,,,,,,,,,,,,,,,,,,
,,,,,,,,,,,,,,,,,,,,,,,,,,,,,,,,,,,,,,
,,,,,,,,,,,,,,,,,,,,,,,,,,,,,,,,,,,,,,
,,,,,,,,,,,,,,,,,,,,,,,,,,,,,,,,,,,,,,
,,,,,,,,,,,,,,,,,,,,,,,,,,,,,,,,,,,,,,
,,,,,,,,,,,,,,,,,,,,,,,,,,,,,,,,,,,,,,
,,,,,,,,,,,,,,,,,,,,,,,,,,,,,,,,,,,,,,
,,,,,,,,,,,,,,,,,,,,,,,,,,,,,,,,,,,,,,
,,,,,,,,,,,,,,,,,,,,,,,,,,,,,,,,,,,,,,
,,,,,,,,,,,,,,,,,,,,,,,,,,,,,,,,,,,,,,
,,,,,,,,,,,,,,,,,,,,,,,,,,,,,,,,,,,,,,
,,,,,,,,,,,,,,,,,,,,,,,,,,,,,,,,,,,,,,
,,,,,,,,,,,,,,,,,,,,,,,,,,,,,,,,,,,,,,
,,,,,,,,,,,,,,,,,,,,,,,,,,,,,,,,,,,,,,
,,,,,,,,,,,,,,,,,,,,,,,,,,,,,,,,,,,,,,
,,,,,,,,,,,,,,,,,,,,,,,,,,,,,,,,,,,,,,
,,,,,,,,,,,,,,,,,,,,,,,,,,,,,,,,,,,,,,
,,,,,,,,,,,,,,,,,,,,,,,,,,,,,,,,,,,,,,
,,,,,,,,,,,,,,,,,,,,,,,,,,,,,,,,,,,,,,
,,,,,,,,,,,,,,,,,,,,,,,,,,,,,,,,,,,,,,
,,,,,,,,,,,,,,,,,,,,,,,,,,,,,,,,,,,,,,
,,,,,,,,,,,,,,,,,,,,,,,,,,,,,,,,,,,,,,
,,,,,,,,,,,,,,,,,,,,,,,,,,,,,,,,,,,,,,
,,,,,,,,,,,,,,,,,,,,,,,,,,,,,,,,,,,,,,
,,,,,,,,,,,,,,,,,,,,,,,,,,,,,,,,,,,,,,
,,,,,,,,,,,,,,,,,,,,,,,,,,,,,,,,,,,,,,
,,,,,,,,,,,,,,,,,,,,,,,,,,,,,,,,,,,,,,
,,,,,,,,,,,,,,,,,,,,,,,,,,,,,,,,,,,,,,
,,,,,,,,,,,,,,,,,,,,,,,,,,,,,,,,,,,,,,
,,,,,,,,,,,,,,,,,,,,,,,,,,,,,,,,,,,,,,
,,,,,,,,,,,,,,,,,,,,,,,,,,,,,,,,,,,,,,
,,,,,,,,,,,,,,,,,,,,,,,,,,,,,,,,,,,,,,
,,,,,,,,,,,,,,,,,,,,,,,,,,,,,,,,,,,,,,
,,,,,,,,,,,,,,,,,,,,,,,,,,,,,,,,,,,,,,
,,,,,,,,,,,,,,,,,,,,,,,,,,,,,,,,,,,,,,
,,,,,,,,,,,,,,,,,,,,,,,,,,,,,,,,,,,,,,
,,,,,,,,,,,,,,,,,,,,,,,,,,,,,,,,,,,,,,
,,,,,,,,,,,,,,,,,,,,,,,,,,,,,,,,,,,,,,
,,,,,,,,,,,,,,,,,,,,,,,,,,,,,,,,,,,,,,
,,,,,,,,,,,,,,,,,,,,,,,,,,,,,,,,,,,,,,
,,,,,,,,,,,,,,,,,,,,,,,,,,,,,,,,,,,,,,
,,,,,,,,,,,,,,,,,,,,,,,,,,,,,,,,,,,,,,
,,,,,,,,,,,,,,,,,,,,,,,,,,,,,,,,,,,,,,
,,,,,,,,,,,,,,,,,,,,,,,,,,,,,,,,,,,,,,
,,,,,,,,,,,,,,,,,,,,,,,,,,,,,,,,,,,,,,
,,,,,,,,,,,,,,,,,,,,,,,,,,,,,,,,,,,,,,
,,,,,,,,,,,,,,,,,,,,,,,,,,,,,,,,,,,,,,
,,,,,,,,,,,,,,,,,,,,,,,,,,,,,,,,,,,,,,
,,,,,,,,,,,,,,,,,,,,,,,,,,,,,,,,,,,,,,
,,,,,,,,,,,,,,,,,,,,,,,,,,,,,,,,,,,,,,
,,,,,,,,,,,,,,,,,,,,,,,,,,,,,,,,,,,,,,
,,,,,,,,,,,,,,,,,,,,,,,,,,,,,,,,,,,,,,
,,,,,,,,,,,,,,,,,,,,,,,,,,,,,,,,,,,,,,
,,,,,,,,,,,,,,,,,,,,,,,,,,,,,,,,,,,,,,
,,,,,,,,,,,,,,,,,,,,,,,,,,,,,,,,,,,,,,
,,,,,,,,,,,,,,,,,,,,,,,,,,,,,,,,,,,,,,
,,,,,,,,,,,,,,,,,,,,,,,,,,,,,,,,,,,,,,
,,,,,,,,,,,,,,,,,,,,,,,,,,,,,,,,,,,,,,
,,,,,,,,,,,,,,,,,,,,,,,,,,,,,,,,,,,,,,
,,,,,,,,,,,,,,,,,,,,,,,,,,,,,,,,,,,,,,
,,,,,,,,,,,,,,,,,,,,,,,,,,,,,,,,,,,,,,
,,,,,,,,,,,,,,,,,,,,,,,,,,,,,,,,,,,,,,
,,,,,,,,,,,,,,,,,,,,,,,,,,,,,,,,,,,,,,
,,,,,,,,,,,,,,,,,,,,,,,,,,,,,,,,,,,,,,
,,,,,,,,,,,,,,,,,,,,,,,,,,,,,,,,,,,,,,
,,,,,,,,,,,,,,,,,,,,,,,,,,,,,,,,,,,,,,
,,,,,,,,,,,,,,,,,,,,,,,,,,,,,,,,,,,,,,
,,,,,,,,,,,,,,,,,,,,,,,,,,,,,,,,,,,,,,
,,,,,,,,,,,,,,,,,,,,,,,,,,,,,,,,,,,,,,
,,,,,,,,,,,,,,,,,,,,,,,,,,,,,,,,,,,,,,
,,,,,,,,,,,,,,,,,,,,,,,,,,,,,,,,,,,,,,
,,,,,,,,,,,,,,,,,,,,,,,,,,,,,,,,,,,,,,
,,,,,,,,,,,,,,,,,,,,,,,,,,,,,,,,,,,,,,
,,,,,,,,,,,,,,,,,,,,,,,,,,,,,,,,,,,,,,
,,,,,,,,,,,,,,,,,,,,,,,,,,,,,,,,,,,,,,
,,,,,,,,,,,,,,,,,,,,,,,,,,,,,,,,,,,,,,
,,,,,,,,,,,,,,,,,,,,,,,,,,,,,,,,,,,,,,
,,,,,,,,,,,,,,,,,,,,,,,,,,,,,,,,,,,,,,
,,,,,,,,,,,,,,,,,,,,,,,,,,,,,,,,,,,,,,
,,,,,,,,,,,,,,,,,,,,,,,,,,,,,,,,,,,,,,
,,,,,,,,,,,,,,,,,,,,,,,,,,,,,,,,,,,,,,
,,,,,,,,,,,,,,,,,,,,,,,,,,,,,,,,,,,,,,
,,,,,,,,,,,,,,,,,,,,,,,,,,,,,,,,,,,,,,
,,,,,,,,,,,,,,,,,,,,,,,,,,,,,,,,,,,,,,
,,,,,,,,,,,,,,,,,,,,,,,,,,,,,,,,,,,,,,
,,,,,,,,,,,,,,,,,,,,,,,,,,,,,,,,,,,,,,
,,,,,,,,,,,,,,,,,,,,,,,,,,,,,,,,,,,,,,
,,,,,,,,,,,,,,,,,,,,,,,,,,,,,,,,,,,,,,
,,,,,,,,,,,,,,,,,,,,,,,,,,,,,,,,,,,,,,
,,,,,,,,,,,,,,,,,,,,,,,,,,,,,,,,,,,,,,
,,,,,,,,,,,,,,,,,,,,,,,,,,,,,,,,,,,,,,
,,,,,,,,,,,,,,,,,,,,,,,,,,,,,,,,,,,,,,
,,,,,,,,,,,,,,,,,,,,,,,,,,,,,,,,,,,,,,
,,,,,,,,,,,,,,,,,,,,,,,,,,,,,,,,,,,,,,
,,,,,,,,,,,,,,,,,,,,,,,,,,,,,,,,,,,,,,
,,,,,,,,,,,,,,,,,,,,,,,,,,,,,,,,,,,,,,
,,,,,,,,,,,,,,,,,,,,,,,,,,,,,,,,,,,,,,
,,,,,,,,,,,,,,,,,,,,,,,,,,,,,,,,,,,,,,
,,,,,,,,,,,,,,,,,,,,,,,,,,,,,,,,,,,,,,
,,,,,,,,,,,,,,,,,,,,,,,,,,,,,,,,,,,,,,
,,,,,,,,,,,,,,,,,,,,,,,,,,,,,,,,,,,,,,
,,,,,,,,,,,,,,,,,,,,,,,,,,,,,,,,,,,,,,
,,,,,,,,,,,,,,,,,,,,,,,,,,,,,,,,,,,,,,
,,,,,,,,,,,,,,,,,,,,,,,,,,,,,,,,,,,,,,
,,,,,,,,,,,,,,,,,,,,,,,,,,,,,,,,,,,,,,
,,,,,,,,,,,,,,,,,,,,,,,,,,,,,,,,,,,,,,
,,,,,,,,,,,,,,,,,,,,,,,,,,,,,,,,,,,,,,
,,,,,,,,,,,,,,,,,,,,,,,,,,,,,,,,,,,,,,
,,,,,,,,,,,,,,,,,,,,,,,,,,,,,,,,,,,,,,
,,,,,,,,,,,,,,,,,,,,,,,,,,,,,,,,,,,,,,
,,,,,,,,,,,,,,,,,,,,,,,,,,,,,,,,,,,,,,
,,,,,,,,,,,,,,,,,,,,,,,,,,,,,,,,,,,,,,
,,,,,,,,,,,,,,,,,,,,,,,,,,,,,,,,,,,,,,
,,,,,,,,,,,,,,,,,,,,,,,,,,,,,,,,,,,,,,
,,,,,,,,,,,,,,,,,,,,,,,,,,,,,,,,,,,,,,
,,,,,,,,,,,,,,,,,,,,,,,,,,,,,,,,,,,,,,
,,,,,,,,,,,,,,,,,,,,,,,,,,,,,,,,,,,,,,
,,,,,,,,,,,,,,,,,,,,,,,,,,,,,,,,,,,,,,
,,,,,,,,,,,,,,,,,,,,,,,,,,,,,,,,,,,,,,
,,,,,,,,,,,,,,,,,,,,,,,,,,,,,,,,,,,,,,
,,,,,,,,,,,,,,,,,,,,,,,,,,,,,,,,,,,,,,
,,,,,,,,,,,,,,,,,,,,,,,,,,,,,,,,,,,,,,
,,,,,,,,,,,,,,,,,,,,,,,,,,,,,,,,,,,,,,
,,,,,,,,,,,,,,,,,,,,,,,,,,,,,,,,,,,,,,
,,,,,,,,,,,,,,,,,,,,,,,,,,,,,,,,,,,,,,
,,,,,,,,,,,,,,,,,,,,,,,,,,,,,,,,,,,,,,
,,,,,,,,,,,,,,,,,,,,,,,,,,,,,,,,,,,,,,
,,,,,,,,,,,,,,,,,,,,,,,,,,,,,,,,,,,,,,
,,,,,,,,,,,,,,,,,,,,,,,,,,,,,,,,,,,,,,
,,,,,,,,,,,,,,,,,,,,,,,,,,,,,,,,,,,,,,
,,,,,,,,,,,,,,,,,,,,,,,,,,,,,,,,,,,,,,
,,,,,,,,,,,,,,,,,,,,,,,,,,,,,,,,,,,,,,
,,,,,,,,,,,,,,,,,,,,,,,,,,,,,,,,,,,,,,
,,,,,,,,,,,,,,,,,,,,,,,,,,,,,,,,,,,,,,
,,,,,,,,,,,,,,,,,,,,,,,,,,,,,,,,,,,,,,
,,,,,,,,,,,,,,,,,,,,,,,,,,,,,,,,,,,,,,
,,,,,,,,,,,,,,,,,,,,,,,,,,,,,,,,,,,,,,
,,,,,,,,,,,,,,,,,,,,,,,,,,,,,,,,,,,,,,
,,,,,,,,,,,,,,,,,,,,,,,,,,,,,,,,,,,,,,
,,,,,,,,,,,,,,,,,,,,,,,,,,,,,,,,,,,,,,
,,,,,,,,,,,,,,,,,,,,,,,,,,,,,,,,,,,,,,
,,,,,,,,,,,,,,,,,,,,,,,,,,,,,,,,,,,,,,
,,,,,,,,,,,,,,,,,,,,,,,,,,,,,,,,,,,,,,
,,,,,,,,,,,,,,,,,,,,,,,,,,,,,,,,,,,,,,
,,,,,,,,,,,,,,,,,,,,,,,,,,,,,,,,,,,,,,
,,,,,,,,,,,,,,,,,,,,,,,,,,,,,,,,,,,,,,
,,,,,,,,,,,,,,,,,,,,,,,,,,,,,,,,,,,,,,
,,,,,,,,,,,,,,,,,,,,,,,,,,,,,,,,,,,,,,
,,,,,,,,,,,,,,,,,,,,,,,,,,,,,,,,,,,,,,
,,,,,,,,,,,,,,,,,,,,,,,,,,,,,,,,,,,,,,
,,,,,,,,,,,,,,,,,,,,,,,,,,,,,,,,,,,,,,
,,,,,,,,,,,,,,,,,,,,,,,,,,,,,,,,,,,,,,
,,,,,,,,,,,,,,,,,,,,,,,,,,,,,,,,,,,,,,
,,,,,,,,,,,,,,,,,,,,,,,,,,,,,,,,,,,,,,
,,,,,,,,,,,,,,,,,,,,,,,,,,,,,,,,,,,,,,
,,,,,,,,,,,,,,,,,,,,,,,,,,,,,,,,,,,,,,
,,,,,,,,,,,,,,,,,,,,,,,,,,,,,,,,,,,,,,
,,,,,,,,,,,,,,,,,,,,,,,,,,,,,,,,,,,,,,
,,,,,,,,,,,,,,,,,,,,,,,,,,,,,,,,,,,,,,
,,,,,,,,,,,,,,,,,,,,,,,,,,,,,,,,,,,,,,
,,,,,,,,,,,,,,,,,,,,,,,,,,,,,,,,,,,,,,
,,,,,,,,,,,,,,,,,,,,,,,,,,,,,,,,,,,,,,
,,,,,,,,,,,,,,,,,,,,,,,,,,,,,,,,,,,,,,
,,,,,,,,,,,,,,,,,,,,,,,,,,,,,,,,,,,,,,
,,,,,,,,,,,,,,,,,,,,,,,,,,,,,,,,,,,,,,
,,,,,,,,,,,,,,,,,,,,,,,,,,,,,,,,,,,,,,
,,,,,,,,,,,,,,,,,,,,,,,,,,,,,,,,,,,,,,
,,,,,,,,,,,,,,,,,,,,,,,,,,,,,,,,,,,,,,
,,,,,,,,,,,,,,,,,,,,,,,,,,,,,,,,,,,,,,
,,,,,,,,,,,,,,,,,,,,,,,,,,,,,,,,,,,,,,
,,,,,,,,,,,,,,,,,,,,,,,,,,,,,,,,,,,,,,
,,,,,,,,,,,,,,,,,,,,,,,,,,,,,,,,,,,,,,
,,,,,,,,,,,,,,,,,,,,,,,,,,,,,,,,,,,,,,
,,,,,,,,,,,,,,,,,,,,,,,,,,,,,,,,,,,,,,
,,,,,,,,,,,,,,,,,,,,,,,,,,,,,,,,,,,,,,
,,,,,,,,,,,,,,,,,,,,,,,,,,,,,,,,,,,,,,
,,,,,,,,,,,,,,,,,,,,,,,,,,,,,,,,,,,,,,
,,,,,,,,,,,,,,,,,,,,,,,,,,,,,,,,,,,,,,
,,,,,,,,,,,,,,,,,,,,,,,,,,,,,,,,,,,,,,
,,,,,,,,,,,,,,,,,,,,,,,,,,,,,,,,,,,,,,
,,,,,,,,,,,,,,,,,,,,,,,,,,,,,,,,,,,,,,
,,,,,,,,,,,,,,,,,,,,,,,,,,,,,,,,,,,,,,
,,,,,,,,,,,,,,,,,,,,,,,,,,,,,,,,,,,,,,
,,,,,,,,,,,,,,,,,,,,,,,,,,,,,,,,,,,,,,
,,,,,,,,,,,,,,,,,,,,,,,,,,,,,,,,,,,,,,
,,,,,,,,,,,,,,,,,,,,,,,,,,,,,,,,,,,,,,
,,,,,,,,,,,,,,,,,,,,,,,,,,,,,,,,,,,,,,
,,,,,,,,,,,,,,,,,,,,,,,,,,,,,,,,,,,,,,
,,,,,,,,,,,,,,,,,,,,,,,,,,,,,,,,,,,,,,
,,,,,,,,,,,,,,,,,,,,,,,,,,,,,,,,,,,,,,
,,,,,,,,,,,,,,,,,,,,,,,,,,,,,,,,,,,,,,
,,,,,,,,,,,,,,,,,,,,,,,,,,,,,,,,,,,,,,
,,,,,,,,,,,,,,,,,,,,,,,,,,,,,,,,,,,,,,
,,,,,,,,,,,,,,,,,,,,,,,,,,,,,,,,,,,,,,
,,,,,,,,,,,,,,,,,,,,,,,,,,,,,,,,,,,,,,
,,,,,,,,,,,,,,,,,,,,,,,,,,,,,,,,,,,,,,
,,,,,,,,,,,,,,,,,,,,,,,,,,,,,,,,,,,,,,
,,,,,,,,,,,,,,,,,,,,,,,,,,,,,,,,,,,,,,
,,,,,,,,,,,,,,,,,,,,,,,,,,,,,,,,,,,,,,
,,,,,,,,,,,,,,,,,,,,,,,,,,,,,,,,,,,,,,
,,,,,,,,,,,,,,,,,,,,,,,,,,,,,,,,,,,,,,
,,,,,,,,,,,,,,,,,,,,,,,,,,,,,,,,,,,,,,
,,,,,,,,,,,,,,,,,,,,,,,,,,,,,,,,,,,,,,
,,,,,,,,,,,,,,,,,,,,,,,,,,,,,,,,,,,,,,
,,,,,,,,,,,,,,,,,,,,,,,,,,,,,,,,,,,,,,
,,,,,,,,,,,,,,,,,,,,,,,,,,,,,,,,,,,,,,
,,,,,,,,,,,,,,,,,,,,,,,,,,,,,,,,,,,,,,
,,,,,,,,,,,,,,,,,,,,,,,,,,,,,,,,,,,,,,
,,,,,,,,,,,,,,,,,,,,,,,,,,,,,,,,,,,,,,
,,,,,,,,,,,,,,,,,,,,,,,,,,,,,,,,,,,,,,
,,,,,,,,,,,,,,,,,,,,,,,,,,,,,,,,,,,,,,
,,,,,,,,,,,,,,,,,,,,,,,,,,,,,,,,,,,,,,
,,,,,,,,,,,,,,,,,,,,,,,,,,,,,,,,,,,,,,
,,,,,,,,,,,,,,,,,,,,,,,,,,,,,,,,,,,,,,
,,,,,,,,,,,,,,,,,,,,,,,,,,,,,,,,,,,,,,
,,,,,,,,,,,,,,,,,,,,,,,,,,,,,,,,,,,,,,
,,,,,,,,,,,,,,,,,,,,,,,,,,,,,,,,,,,,,,
,,,,,,,,,,,,,,,,,,,,,,,,,,,,,,,,,,,,,,
,,,,,,,,,,,,,,,,,,,,,,,,,,,,,,,,,,,,,,
,,,,,,,,,,,,,,,,,,,,,,,,,,,,,,,,,,,,,,
,,,,,,,,,,,,,,,,,,,,,,,,,,,,,,,,,,,,,,
,,,,,,,,,,,,,,,,,,,,,,,,,,,,,,,,,,,,,,
,,,,,,,,,,,,,,,,,,,,,,,,,,,,,,,,,,,,,,
,,,,,,,,,,,,,,,,,,,,,,,,,,,,,,,,,,,,,,
,,,,,,,,,,,,,,,,,,,,,,,,,,,,,,,,,,,,,,
,,,,,,,,,,,,,,,,,,,,,,,,,,,,,,,,,,,,,,
,,,,,,,,,,,,,,,,,,,,,,,,,,,,,,,,,,,,,,
,,,,,,,,,,,,,,,,,,,,,,,,,,,,,,,,,,,,,,
,,,,,,,,,,,,,,,,,,,,,,,,,,,,,,,,,,,,,,
,,,,,,,,,,,,,,,,,,,,,,,,,,,,,,,,,,,,,,
,,,,,,,,,,,,,,,,,,,,,,,,,,,,,,,,,,,,,,
,,,,,,,,,,,,,,,,,,,,,,,,,,,,,,,,,,,,,,
,,,,,,,,,,,,,,,,,,,,,,,,,,,,,,,,,,,,,,
,,,,,,,,,,,,,,,,,,,,,,,,,,,,,,,,,,,,,,
,,,,,,,,,,,,,,,,,,,,,,,,,,,,,,,,,,,,,,
,,,,,,,,,,,,,,,,,,,,,,,,,,,,,,,,,,,,,,
,,,,,,,,,,,,,,,,,,,,,,,,,,,,,,,,,,,,,,
,,,,,,,,,,,,,,,,,,,,,,,,,,,,,,,,,,,,,,
,,,,,,,,,,,,,,,,,,,,,,,,,,,,,,,,,,,,,,
,,,,,,,,,,,,,,,,,,,,,,,,,,,,,,,,,,,,,,
,,,,,,,,,,,,,,,,,,,,,,,,,,,,,,,,,,,,,,
,,,,,,,,,,,,,,,,,,,,,,,,,,,,,,,,,,,,,,
,,,,,,,,,,,,,,,,,,,,,,,,,,,,,,,,,,,,,,
,,,,,,,,,,,,,,,,,,,,,,,,,,,,,,,,,,,,,,
,,,,,,,,,,,,,,,,,,,,,,,,,,,,,,,,,,,,,,
,,,,,,,,,,,,,,,,,,,,,,,,,,,,,,,,,,,,,,
,,,,,,,,,,,,,,,,,,,,,,,,,,,,,,,,,,,,,,
,,,,,,,,,,,,,,,,,,,,,,,,,,,,,,,,,,,,,,
,,,,,,,,,,,,,,,,,,,,,,,,,,,,,,,,,,,,,,
,,,,,,,,,,,,,,,,,,,,,,,,,,,,,,,,,,,,,,
,,,,,,,,,,,,,,,,,,,,,,,,,,,,,,,,,,,,,,
,,,,,,,,,,,,,,,,,,,,,,,,,,,,,,,,,,,,,,
,,,,,,,,,,,,,,,,,,,,,,,,,,,,,,,,,,,,,,
,,,,,,,,,,,,,,,,,,,,,,,,,,,,,,,,,,,,,,
,,,,,,,,,,,,,,,,,,,,,,,,,,,,,,,,,,,,,,
,,,,,,,,,,,,,,,,,,,,,,,,,,,,,,,,,,,,,,
,,,,,,,,,,,,,,,,,,,,,,,,,,,,,,,,,,,,,,
,,,,,,,,,,,,,,,,,,,,,,,,,,,,,,,,,,,,,,
,,,,,,,,,,,,,,,,,,,,,,,,,,,,,,,,,,,,,,
,,,,,,,,,,,,,,,,,,,,,,,,,,,,,,,,,,,,,,
,,,,,,,,,,,,,,,,,,,,,,,,,,,,,,,,,,,,,,
,,,,,,,,,,,,,,,,,,,,,,,,,,,,,,,,,,,,,,
,,,,,,,,,,,,,,,,,,,,,,,,,,,,,,,,,,,,,,
,,,,,,,,,,,,,,,,,,,,,,,,,,,,,,,,,,,,,,
,,,,,,,,,,,,,,,,,,,,,,,,,,,,,,,,,,,,,,
,,,,,,,,,,,,,,,,,,,,,,,,,,,,,,,,,,,,,,
,,,,,,,,,,,,,,,,,,,,,,,,,,,,,,,,,,,,,,
,,,,,,,,,,,,,,,,,,,,,,,,,,,,,,,,,,,,,,
,,,,,,,,,,,,,,,,,,,,,,,,,,,,,,,,,,,,,,
,,,,,,,,,,,,,,,,,,,,,,,,,,,,,,,,,,,,,,
,,,,,,,,,,,,,,,,,,,,,,,,,,,,,,,,,,,,,,
,,,,,,,,,,,,,,,,,,,,,,,,,,,,,,,,,,,,,,
,,,,,,,,,,,,,,,,,,,,,,,,,,,,,,,,,,,,,,
,,,,,,,,,,,,,,,,,,,,,,,,,,,,,,,,,,,,,,
,,,,,,,,,,,,,,,,,,,,,,,,,,,,,,,,,,,,,,
,,,,,,,,,,,,,,,,,,,,,,,,,,,,,,,,,,,,,,
,,,,,,,,,,,,,,,,,,,,,,,,,,,,,,,,,,,,,,
,,,,,,,,,,,,,,,,,,,,,,,,,,,,,,,,,,,,,,
,,,,,,,,,,,,,,,,,,,,,,,,,,,,,,,,,,,,,,
,,,,,,,,,,,,,,,,,,,,,,,,,,,,,,,,,,,,,,
,,,,,,,,,,,,,,,,,,,,,,,,,,,,,,,,,,,,,,
,,,,,,,,,,,,,,,,,,,,,,,,,,,,,,,,,,,,,,
,,,,,,,,,,,,,,,,,,,,,,,,,,,,,,,,,,,,,,
,,,,,,,,,,,,,,,,,,,,,,,,,,,,,,,,,,,,,,
,,,,,,,,,,,,,,,,,,,,,,,,,,,,,,,,,,,,,,
,,,,,,,,,,,,,,,,,,,,,,,,,,,,,,,,,,,,,,
,,,,,,,,,,,,,,,,,,,,,,,,,,,,,,,,,,,,,,
,,,,,,,,,,,,,,,,,,,,,,,,,,,,,,,,,,,,,,
,,,,,,,,,,,,,,,,,,,,,,,,,,,,,,,,,,,,,,
,,,,,,,,,,,,,,,,,,,,,,,,,,,,,,,,,,,,,,
,,,,,,,,,,,,,,,,,,,,,,,,,,,,,,,,,,,,,,
,,,,,,,,,,,,,,,,,,,,,,,,,,,,,,,,,,,,,,
,,,,,,,,,,,,,,,,,,,,,,,,,,,,,,,,,,,,,,
,,,,,,,,,,,,,,,,,,,,,,,,,,,,,,,,,,,,,,
,,,,,,,,,,,,,,,,,,,,,,,,,,,,,,,,,,,,,,
,,,,,,,,,,,,,,,,,,,,,,,,,,,,,,,,,,,,,,
,,,,,,,,,,,,,,,,,,,,,,,,,,,,,,,,,,,,,,
,,,,,,,,,,,,,,,,,,,,,,,,,,,,,,,,,,,,,,
,,,,,,,,,,,,,,,,,,,,,,,,,,,,,,,,,,,,,,
,,,,,,,,,,,,,,,,,,,,,,,,,,,,,,,,,,,,,,
,,,,,,,,,,,,,,,,,,,,,,,,,,,,,,,,,,,,,,
,,,,,,,,,,,,,,,,,,,,,,,,,,,,,,,,,,,,,,
,,,,,,,,,,,,,,,,,,,,,,,,,,,,,,,,,,,,,,
,,,,,,,,,,,,,,,,,,,,,,,,,,,,,,,,,,,,,,
,,,,,,,,,,,,,,,,,,,,,,,,,,,,,,,,,,,,,,
,,,,,,,,,,,,,,,,,,,,,,,,,,,,,,,,,,,,,,
,,,,,,,,,,,,,,,,,,,,,,,,,,,,,,,,,,,,,,
,,,,,,,,,,,,,,,,,,,,,,,,,,,,,,,,,,,,,,
,,,,,,,,,,,,,,,,,,,,,,,,,,,,,,,,,,,,,,
,,,,,,,,,,,,,,,,,,,,,,,,,,,,,,,,,,,,,,
,,,,,,,,,,,,,,,,,,,,,,,,,,,,,,,,,,,,,,
,,,,,,,,,,,,,,,,,,,,,,,,,,,,,,,,,,,,,,
,,,,,,,,,,,,,,,,,,,,,,,,,,,,,,,,,,,,,,
,,,,,,,,,,,,,,,,,,,,,,,,,,,,,,,,,,,,,,
,,,,,,,,,,,,,,,,,,,,,,,,,,,,,,,,,,,,,,
,,,,,,,,,,,,,,,,,,,,,,,,,,,,,,,,,,,,,,
,,,,,,,,,,,,,,,,,,,,,,,,,,,,,,,,,,,,,,
,,,,,,,,,,,,,,,,,,,,,,,,,,,,,,,,,,,,,,
,,,,,,,,,,,,,,,,,,,,,,,,,,,,,,,,,,,,,,
,,,,,,,,,,,,,,,,,,,,,,,,,,,,,,,,,,,,,,
,,,,,,,,,,,,,,,,,,,,,,,,,,,,,,,,,,,,,,
,,,,,,,,,,,,,,,,,,,,,,,,,,,,,,,,,,,,,,
,,,,,,,,,,,,,,,,,,,,,,,,,,,,,,,,,,,,,,
,,,,,,,,,,,,,,,,,,,,,,,,,,,,,,,,,,,,,,
,,,,,,,,,,,,,,,,,,,,,,,,,,,,,,,,,,,,,,
,,,,,,,,,,,,,,,,,,,,,,,,,,,,,,,,,,,,,,
,,,,,,,,,,,,,,,,,,,,,,,,,,,,,,,,,,,,,,
,,,,,,,,,,,,,,,,,,,,,,,,,,,,,,,,,,,,,,
,,,,,,,,,,,,,,,,,,,,,,,,,,,,,,,,,,,,,,
,,,,,,,,,,,,,,,,,,,,,,,,,,,,,,,,,,,,,,